,index,date,numberedDate,year,month,dayOfWeek,step,sleepLengthSeconds,bedTimeDiffSeconds,wakeTimeDiffSeconds,bpm,kg,season,step_fake,sleep_fake,heartrate_fake,six_hours_upper,went_to_bed_before_1am,walked_more_than_10000
2,1,2/15/20,20200215,2020,2,6,3672,33806,-3356,30450,82,69,0,FALSE,FALSE,FALSE,TRUE,TRUE,FALSE
3,2,2/14/20,20200214,2020,2,5,8328,27036,-306,26730,81,69,0,FALSE,FALSE,FALSE,TRUE,TRUE,FALSE
4,3,2/13/20,20200213,2020,2,4,6269,29878,4172,34050,80,69,0,FALSE,FALSE,FALSE,TRUE,FALSE,FALSE
5,4,2/12/20,20200212,2020,2,3,7469,25095,3255,28350,81,69,0,FALSE,FALSE,FALSE,TRUE,TRUE,FALSE
6,5,2/11/20,20200211,2020,2,2,8664,26007,2493,28500,83,69,0,FALSE,FALSE,FALSE,TRUE,TRUE,FALSE
7,6,2/10/20,20200210,2020,2,1,6684,29797,-517,29280,81,69,0,FALSE,FALSE,FALSE,TRUE,TRUE,FALSE
8,7,2/9/20,20200209,2020,2,0,3709,32228,2872,35100,80,69,0,FALSE,FALSE,FALSE,TRUE,TRUE,FALSE
9,8,2/8/20,20200208,2020,2,6,4186,18652,1753,20405,80,69,0,FALSE,TRUE,FALSE,FALSE,TRUE,FALSE
10,9,2/7/20,20200207,2020,2,5,3875,34494,-2244,32250,81,69,0,FALSE,FALSE,FALSE,TRUE,TRUE,FALSE
11,10,2/6/20,20200206,2020,2,4,6189,22490,5230,27720,81,69,0,FALSE,FALSE,FALSE,TRUE,FALSE,FALSE
12,11,2/5/20,20200205,2020,2,3,6259,20510,2110,22620,82,69,0,FALSE,FALSE,FALSE,FALSE,TRUE,FALSE
13,12,2/4/20,20200204,2020,2,2,6487,31114,-1804,29310,82,69,0,FALSE,FALSE,FALSE,TRUE,TRUE,FALSE
14,13,2/3/20,20200203,2020,2,1,2511,34958,-4088,30870,82,69,0,FALSE,FALSE,FALSE,TRUE,TRUE,FALSE
15,14,2/2/20,20200202,2020,2,0,3062,31035,-1065,29970,81,69,0,FALSE,FALSE,FALSE,TRUE,TRUE,FALSE
16,15,2/1/20,20200201,2020,2,6,5289,28673,3157,31830,83,69,0,FALSE,FALSE,FALSE,TRUE,TRUE,FALSE
17,16,1/31/20,20200131,2020,1,5,6239,25941,6489,32430,84,69,0,FALSE,FALSE,FALSE,TRUE,FALSE,FALSE
18,17,1/30/20,20200130,2020,1,4,6276,29603,-833,28770,84,69,0,FALSE,FALSE,FALSE,TRUE,TRUE,FALSE
19,18,1/29/20,20200129,2020,1,3,2700,33726,-1926,31800,86,69.2,0,FALSE,FALSE,FALSE,TRUE,TRUE,FALSE
20,19,1/28/20,20200128,2020,1,2,3944,30451,-751,29700,84,69.4,0,FALSE,FALSE,FALSE,TRUE,TRUE,FALSE
21,20,1/27/20,20200127,2020,1,1,3075,32055,-3405,28650,81,69.6,0,FALSE,FALSE,FALSE,TRUE,TRUE,FALSE
22,21,1/26/20,20200126,2020,1,0,2630,29364,-474,28890,79,71.3,0,FALSE,FALSE,FALSE,TRUE,TRUE,FALSE
23,22,1/25/20,20200125,2020,1,6,2319,23965,4025,27990,77,71.333,0,FALSE,FALSE,FALSE,TRUE,FALSE,FALSE
24,23,1/24/20,20200124,2020,1,5,6050,21898,2852,24750,79,71.364,0,FALSE,FALSE,FALSE,TRUE,TRUE,FALSE
25,24,1/23/20,20200123,2020,1,4,4420,27850,2450,30300,78,71.395,0,FALSE,FALSE,FALSE,TRUE,TRUE,FALSE
26,25,1/22/20,20200122,2020,1,3,7189,32342,-1922,30420,81,71.426,0,FALSE,FALSE,FALSE,TRUE,TRUE,FALSE
27,26,1/21/20,20200121,2020,1,2,8313,21392,2518,23910,84,71.457,0,FALSE,FALSE,FALSE,FALSE,TRUE,FALSE
28,27,1/20/20,20200120,2020,1,1,4687,30195,1125,31320,82,71.488,0,FALSE,FALSE,FALSE,TRUE,TRUE,FALSE
29,28,1/19/20,20200119,2020,1,0,5382,30101,-4151,25950,80,71.519,0,FALSE,FALSE,FALSE,TRUE,TRUE,FALSE
30,29,1/18/20,20200118,2020,1,6,2095,29575,3545,33120,78,71.55,0,FALSE,FALSE,FALSE,TRUE,TRUE,FALSE
31,30,1/17/20,20200117,2020,1,5,6679,33541,-2821,30720,79,71.581,0,FALSE,FALSE,FALSE,TRUE,TRUE,FALSE
32,31,1/16/20,20200116,2020,1,4,6928,36986,-3476,33510,79,71.612,0,FALSE,FALSE,FALSE,TRUE,TRUE,FALSE
33,32,1/15/20,20200115,2020,1,3,7264,34298,-7028,27270,76,71.643,0,FALSE,FALSE,FALSE,TRUE,TRUE,FALSE
34,33,1/14/20,20200114,2020,1,2,5579,26564,-3794,22770,77,71.674,0,FALSE,FALSE,FALSE,TRUE,TRUE,FALSE
35,34,1/13/20,20200113,2020,1,1,8666,33064,1106,34170,76,71.705,0,FALSE,FALSE,FALSE,TRUE,TRUE,FALSE
36,35,1/12/20,20200112,2020,1,0,4376,34655,145,34800,77,71.736,0,FALSE,FALSE,FALSE,TRUE,TRUE,FALSE
37,36,1/11/20,20200111,2020,1,6,7691,37971,-3531,34440,76,71.767,0,FALSE,FALSE,FALSE,TRUE,TRUE,FALSE
38,37,1/10/20,20200110,2020,1,5,5818,34788,-2058,32730,76,71.798,0,FALSE,FALSE,FALSE,TRUE,TRUE,FALSE
39,38,1/9/20,20200109,2020,1,4,5134,32345,-1145,31200,75,71.829,0,FALSE,FALSE,FALSE,TRUE,TRUE,FALSE
40,39,1/8/20,20200108,2020,1,3,8299,34196,-5006,29190,73,71.86,0,FALSE,FALSE,FALSE,TRUE,TRUE,FALSE
41,40,1/7/20,20200107,2020,1,2,4251,29767,-2077,27690,72,71.891,0,FALSE,FALSE,FALSE,TRUE,TRUE,FALSE
42,41,1/6/20,20200106,2020,1,1,7386,36885,-555,36330,73,71.922,0,FALSE,FALSE,FALSE,TRUE,TRUE,FALSE
43,42,1/5/20,20200105,2020,1,0,5181,35776,704,36480,76,71.953,0,FALSE,FALSE,FALSE,TRUE,TRUE,FALSE
44,43,1/4/20,20200104,2020,1,6,2954,42281,-1871,40410,77,71.984,0,FALSE,FALSE,FALSE,TRUE,TRUE,FALSE
45,44,1/3/20,20200103,2020,1,5,10694,32667,2583,35250,74,72.015,0,FALSE,FALSE,FALSE,TRUE,TRUE,TRUE
46,45,1/2/20,20200102,2020,1,4,7815,40727,-3977,36750,74,72.046,0,FALSE,FALSE,FALSE,TRUE,TRUE,FALSE
47,46,1/1/20,20200101,2020,1,3,5123,34947,-1887,33060,75,72.077,0,FALSE,FALSE,FALSE,TRUE,TRUE,FALSE
48,47,12/31/19,20191231,2019,12,2,9043,34957,-1747,33210,77,72.108,0,FALSE,FALSE,FALSE,TRUE,TRUE,FALSE
49,48,12/30/19,20191230,2019,12,1,6881,30586,-1636,28950,77,72.139,0,FALSE,FALSE,FALSE,TRUE,TRUE,FALSE
50,49,12/29/19,20191229,2019,12,0,4024,34031,1489,35520,77,72.17,0,FALSE,FALSE,FALSE,TRUE,TRUE,FALSE
51,50,12/28/19,20191228,2019,12,6,6779,30960,2010,33000,75,72.201,0,FALSE,FALSE,FALSE,TRUE,TRUE,FALSE
52,51,12/27/19,20191227,2019,12,5,4446,28320,1950,30300,73,72.232,0,FALSE,FALSE,FALSE,TRUE,TRUE,FALSE
53,52,12/26/19,20191226,2019,12,4,6731,23460,2700,26160,71,72.263,0,FALSE,FALSE,FALSE,TRUE,TRUE,FALSE
54,53,12/25/19,20191225,2019,12,3,3878,18120,15510,33630,74,72.294,0,FALSE,FALSE,FALSE,FALSE,FALSE,FALSE
55,54,12/24/19,20191224,2019,12,2,4715,27480,5370,32850,76,72.325,0,FALSE,FALSE,FALSE,TRUE,FALSE,FALSE
56,55,12/23/19,20191223,2019,12,1,21891,35220,-1380,33870,76,72.356,0,FALSE,FALSE,FALSE,TRUE,TRUE,TRUE
57,56,12/22/19,20191222,2019,12,0,3620,21840,7470,29340,77,72.387,0,FALSE,FALSE,FALSE,TRUE,FALSE,FALSE
58,57,12/21/19,20191221,2019,12,6,7284,29760,3840,33630,79,72.418,0,FALSE,FALSE,FALSE,TRUE,FALSE,FALSE
59,58,12/20/19,20191220,2019,12,5,8626,29040,2700,31740,77,72.449,0,FALSE,FALSE,FALSE,TRUE,TRUE,FALSE
60,59,12/19/19,20191219,2019,12,4,12709,32460,4170,36630,75,72.48,0,FALSE,FALSE,FALSE,TRUE,FALSE,TRUE
61,60,12/18/19,20191218,2019,12,3,5885,22200,6900,29130,75,72.511,0,FALSE,FALSE,FALSE,TRUE,FALSE,FALSE
62,61,12/17/19,20191217,2019,12,2,8228,26640,4350,30990,75,72.542,0,FALSE,FALSE,FALSE,TRUE,FALSE,FALSE
63,62,12/16/19,20191216,2019,12,1,5478,25548,5023,30571,78,72.573,0,FALSE,TRUE,FALSE,TRUE,FALSE,FALSE
64,63,12/15/19,20191215,2019,12,0,4177,26700,3900,30630,78,72.604,0,FALSE,FALSE,FALSE,TRUE,FALSE,FALSE
65,64,12/14/19,20191214,2019,12,6,9571,25020,3750,28770,77,72.635,0,FALSE,FALSE,FALSE,TRUE,FALSE,FALSE
66,65,12/13/19,20191213,2019,12,5,8500,19680,12810,32520,74,72.666,0,FALSE,FALSE,FALSE,FALSE,FALSE,FALSE
67,66,12/12/19,20191212,2019,12,4,6303,27780,2430,30210,73,72.697,0,FALSE,FALSE,FALSE,TRUE,TRUE,FALSE
68,67,12/11/19,20191211,2019,12,3,9705,29940,4710,34680,71,72.728,0,FALSE,FALSE,FALSE,TRUE,FALSE,FALSE
69,68,12/10/19,20191210,2019,12,2,6132,32340,2970,35310,72,72.759,0,FALSE,FALSE,FALSE,TRUE,TRUE,FALSE
70,69,12/9/19,20191209,2019,12,1,9707,24840,5820,30690,71,72.79,0,FALSE,FALSE,FALSE,TRUE,FALSE,FALSE
71,70,12/8/19,20191208,2019,12,0,5734,16680,18720,35430,72,72.821,0,FALSE,FALSE,FALSE,FALSE,FALSE,FALSE
72,71,12/7/19,20191207,2019,12,6,4113,29640,2220,31890,73,72.852,0,FALSE,FALSE,FALSE,TRUE,TRUE,FALSE
73,72,12/6/19,20191206,2019,12,5,7379,18840,10230,29100,71,72.883,0,FALSE,FALSE,FALSE,FALSE,FALSE,FALSE
74,73,12/5/19,20191205,2019,12,4,10613,23820,8640,32490,73,72.914,0,FALSE,FALSE,FALSE,TRUE,FALSE,TRUE
75,74,12/4/19,20191204,2019,12,3,7485,26820,7530,34350,75,72.945,0,FALSE,FALSE,FALSE,TRUE,FALSE,FALSE
76,75,12/3/19,20191203,2019,12,2,12560,14640,4860,19530,76,72.976,0,FALSE,FALSE,FALSE,FALSE,FALSE,TRUE
77,76,12/2/19,20191202,2019,12,1,11613,21600,11310,32910,74,73.007,0,FALSE,FALSE,FALSE,FALSE,FALSE,TRUE
78,77,12/1/19,20191201,2019,12,0,6388,28860,10140,39030,72,73.038,0,FALSE,FALSE,FALSE,TRUE,FALSE,FALSE
79,78,11/30/19,20191130,2019,11,6,16104,29820,4290,34140,72,73.069,3,FALSE,FALSE,FALSE,TRUE,FALSE,TRUE
80,79,11/29/19,20191129,2019,11,5,25866,23940,7470,31440,72,73.1,3,FALSE,FALSE,FALSE,TRUE,FALSE,TRUE
81,80,11/28/19,20191128,2019,11,4,11278,30900,3300,34200,73,73.175,3,FALSE,FALSE,FALSE,TRUE,TRUE,TRUE
82,81,11/27/19,20191127,2019,11,3,6187,29460,7110,36600,75,73.25,3,FALSE,FALSE,FALSE,TRUE,FALSE,FALSE
83,82,11/26/19,20191126,2019,11,2,15766,30300,2550,32850,76,73.325,3,FALSE,FALSE,FALSE,TRUE,TRUE,TRUE
84,83,11/25/19,20191125,2019,11,1,13126,19200,12690,31920,77,73.4,3,FALSE,FALSE,FALSE,FALSE,FALSE,TRUE
85,84,11/24/19,20191124,2019,11,0,8089,33360,7170,40530,76,73.354,3,FALSE,FALSE,FALSE,TRUE,FALSE,FALSE
86,85,11/23/19,20191123,2019,11,6,12194,25560,7020,32610,74,73.323,3,FALSE,FALSE,FALSE,TRUE,FALSE,TRUE
87,86,11/22/19,20191122,2019,11,5,11171,20160,5040,25230,75,73.292,3,FALSE,FALSE,FALSE,FALSE,FALSE,TRUE
88,87,11/21/19,20191121,2019,11,4,7053,28800,2370,31200,72,73.261,3,FALSE,FALSE,FALSE,TRUE,TRUE,FALSE
89,88,11/20/19,20191120,2019,11,3,9278,23040,3060,26130,71,73.23,3,FALSE,FALSE,FALSE,TRUE,TRUE,FALSE
90,89,11/19/19,20191119,2019,11,2,8854,29760,3960,33720,74,73.199,3,FALSE,FALSE,FALSE,TRUE,FALSE,FALSE
91,90,11/18/19,20191118,2019,11,1,10293,27540,6420,33960,76,73.168,3,FALSE,FALSE,FALSE,TRUE,FALSE,TRUE
92,91,11/17/19,20191117,2019,11,0,7034,19059,7610,26669,77,73.137,3,FALSE,TRUE,FALSE,FALSE,FALSE,FALSE
93,92,11/16/19,20191116,2019,11,6,9928,19860,6270,26130,77,73.106,3,FALSE,FALSE,FALSE,FALSE,FALSE,FALSE
94,93,11/15/19,20191115,2019,11,5,5681,27120,7626,34746,74,73.075,3,FALSE,TRUE,FALSE,TRUE,FALSE,FALSE
95,94,11/14/19,20191114,2019,11,4,7548,24480,2040,26550,74,73.044,3,FALSE,FALSE,FALSE,TRUE,TRUE,FALSE
96,95,11/13/19,20191113,2019,11,3,9017,14812,6488,21300,75,73.013,3,FALSE,TRUE,FALSE,FALSE,FALSE,FALSE
97,96,11/12/19,20191112,2019,11,2,9430,30780,4410,35190,75,72.982,3,FALSE,FALSE,FALSE,TRUE,FALSE,FALSE
98,97,11/11/19,20191111,2019,11,1,11509,26520,2370,28920,74,72.951,3,FALSE,FALSE,FALSE,TRUE,TRUE,TRUE
99,98,11/10/19,20191110,2019,11,0,16493,27840,240,28080,74,72.92,3,FALSE,FALSE,FALSE,TRUE,TRUE,TRUE
100,99,11/9/19,20191109,2019,11,6,15512,23640,6540,30180,76,72.889,3,FALSE,FALSE,FALSE,TRUE,FALSE,TRUE
101,100,11/8/19,20191108,2019,11,5,13363,21240,5460,26730,78,72.858,3,FALSE,FALSE,FALSE,FALSE,FALSE,TRUE
102,101,11/7/19,20191107,2019,11,4,8998,23640,12450,36090,78,72.827,3,FALSE,FALSE,FALSE,TRUE,FALSE,FALSE
103,102,11/6/19,20191106,2019,11,3,12395,22860,5370,28260,79,72.796,3,FALSE,FALSE,FALSE,TRUE,FALSE,TRUE
104,103,11/5/19,20191105,2019,11,2,7920,25380,5400,30810,79,72.765,3,FALSE,FALSE,FALSE,TRUE,FALSE,FALSE
105,104,11/4/19,20191104,2019,11,1,11765,34080,1380,35460,78,72.734,3,FALSE,FALSE,FALSE,TRUE,TRUE,TRUE
106,105,11/3/19,20191103,2019,11,0,8452,25440,7380,32850,76,72.703,3,FALSE,FALSE,FALSE,TRUE,FALSE,FALSE
107,106,11/2/19,20191102,2019,11,6,7119,12480,6960,23040,74,72.672,3,FALSE,FALSE,FALSE,FALSE,FALSE,FALSE
108,107,11/1/19,20191101,2019,11,5,9943,22680,6270,28950,74,72.641,3,FALSE,FALSE,FALSE,TRUE,FALSE,FALSE
109,108,10/31/19,20191031,2019,10,4,9699,21180,13530,34740,75,72.61,3,FALSE,FALSE,FALSE,FALSE,FALSE,FALSE
110,109,10/30/19,20191030,2019,10,3,8357,24660,4500,29190,72,72.579,3,FALSE,FALSE,FALSE,TRUE,FALSE,FALSE
111,110,10/29/19,20191029,2019,10,2,11097,20100,8040,28170,71,72.548,3,FALSE,FALSE,FALSE,FALSE,FALSE,TRUE
112,111,10/28/19,20191028,2019,10,1,11413,21540,10290,31860,71,72.517,3,FALSE,FALSE,FALSE,FALSE,FALSE,TRUE
113,112,10/27/19,20191027,2019,10,0,4859,28920,6000,34950,69,72.486,3,FALSE,FALSE,FALSE,TRUE,FALSE,FALSE
114,113,10/26/19,20191026,2019,10,6,9125,25260,5460,30720,70,72.455,3,FALSE,FALSE,FALSE,TRUE,FALSE,FALSE
115,114,10/25/19,20191025,2019,10,5,11644,25140,4770,29910,72,72.424,3,FALSE,FALSE,FALSE,TRUE,FALSE,TRUE
116,115,10/24/19,20191024,2019,10,4,9771,20520,8010,28530,73,72.393,3,FALSE,FALSE,FALSE,FALSE,FALSE,FALSE
117,116,10/23/19,20191023,2019,10,3,11507,26160,6930,33120,74,72.362,3,FALSE,FALSE,FALSE,TRUE,FALSE,TRUE
118,117,10/22/19,20191022,2019,10,2,8615,10860,16080,26940,74,72.331,3,FALSE,FALSE,FALSE,FALSE,FALSE,FALSE
119,118,10/21/19,20191021,2019,10,1,12028,21240,5490,26730,73,72.3,3,FALSE,FALSE,FALSE,FALSE,FALSE,TRUE
120,119,10/20/19,20191020,2019,10,0,8452,27840,3420,31290,72,72.358,3,FALSE,FALSE,FALSE,TRUE,TRUE,FALSE
121,120,10/19/19,20191019,2019,10,6,9647,13800,16770,30570,72,72.415,3,FALSE,FALSE,FALSE,FALSE,FALSE,FALSE
122,121,10/18/19,20191018,2019,10,5,13325,26220,3030,29250,73,72.472,3,FALSE,FALSE,FALSE,TRUE,TRUE,TRUE
123,122,10/17/19,20191017,2019,10,4,9560,22620,8310,30930,75,72.529,3,FALSE,FALSE,FALSE,TRUE,FALSE,FALSE
124,123,10/16/19,20191016,2019,10,3,3238,23721,5481,29202,80,72.586,3,FALSE,TRUE,FALSE,TRUE,FALSE,FALSE
125,124,10/15/19,20191015,2019,10,2,9946,16531,6389,22920,72,72.643,3,TRUE,TRUE,TRUE,FALSE,FALSE,FALSE
126,125,10/14/19,20191014,2019,10,1,10305,21204,5962,27166,73,72.7,3,TRUE,TRUE,TRUE,FALSE,FALSE,TRUE
127,126,10/13/19,20191013,2019,10,0,14556,24919,6804,31723,74,73.021,3,TRUE,TRUE,TRUE,TRUE,FALSE,TRUE
128,127,10/12/19,20191012,2019,10,6,9799,26391,8681,35072,75,73.022,3,TRUE,TRUE,TRUE,TRUE,FALSE,FALSE
129,128,10/11/19,20191011,2019,10,5,8328,8686,16764,25450,74,73.023,3,TRUE,TRUE,TRUE,FALSE,FALSE,FALSE
130,129,10/10/19,20191010,2019,10,4,8907,23490,6149,29639,74,73.024,3,TRUE,TRUE,TRUE,TRUE,FALSE,FALSE
131,130,10/9/19,20191009,2019,10,3,11631,18496,8901,27397,72,73.025,3,TRUE,TRUE,TRUE,FALSE,FALSE,TRUE
132,131,10/8/19,20191008,2019,10,2,11069,18567,7777,26344,74,73.026,3,TRUE,TRUE,TRUE,FALSE,FALSE,TRUE
133,132,10/7/19,20191007,2019,10,1,11708,25926,6101,32027,72,73.027,3,TRUE,TRUE,TRUE,TRUE,FALSE,TRUE
134,133,10/6/19,20191006,2019,10,0,14035,10901,11042,21943,75,73.028,3,TRUE,TRUE,TRUE,FALSE,FALSE,TRUE
135,134,10/5/19,20191005,2019,10,6,6650,19514,10221,29735,73,73.029,3,TRUE,TRUE,TRUE,FALSE,FALSE,FALSE
136,135,10/4/19,20191004,2019,10,5,11885,27401,5984,33385,73,73.03,3,TRUE,TRUE,TRUE,TRUE,FALSE,TRUE
137,136,10/3/19,20191003,2019,10,4,11295,27687,5248,32935,75,73.031,3,TRUE,TRUE,TRUE,TRUE,FALSE,TRUE
138,137,10/2/19,20191002,2019,10,3,10122,35171,5448,40619,75,73.032,3,TRUE,TRUE,TRUE,TRUE,FALSE,TRUE
139,138,10/1/19,20191001,2019,10,2,10985,29907,7567,37474,73,73.033,3,TRUE,TRUE,TRUE,TRUE,FALSE,TRUE
140,139,9/30/19,20190930,2019,9,1,13505,16995,6754,23749,76,73.034,3,FALSE,TRUE,FALSE,FALSE,FALSE,TRUE
141,140,9/29/19,20190929,2019,9,0,14902,23809,5303,29112,74,73.035,3,FALSE,TRUE,TRUE,TRUE,FALSE,TRUE
142,141,9/28/19,20190928,2019,9,6,14073,20171,7612,27783,76,73.036,3,TRUE,TRUE,TRUE,FALSE,FALSE,TRUE
143,142,9/27/19,20190927,2019,9,5,10907,13971,6549,20520,73,73.037,3,TRUE,TRUE,TRUE,FALSE,FALSE,TRUE
144,143,9/26/19,20190926,2019,9,4,9955,26586,6235,32821,73,73.038,3,TRUE,TRUE,TRUE,TRUE,FALSE,FALSE
145,144,9/25/19,20190925,2019,9,3,11552,22360,5701,28061,78,73.039,3,TRUE,TRUE,TRUE,TRUE,FALSE,TRUE
146,145,9/24/19,20190924,2019,9,2,9083,23611,7707,31318,75,73.04,3,TRUE,TRUE,TRUE,TRUE,FALSE,FALSE
147,146,9/23/19,20190923,2019,9,1,13040,26377,5436,31813,76,73.041,3,FALSE,TRUE,FALSE,TRUE,FALSE,TRUE
148,147,9/22/19,20190922,2019,9,0,21327,10070,10879,20949,76,73.042,3,FALSE,TRUE,TRUE,FALSE,FALSE,TRUE
149,148,9/21/19,20190921,2019,9,6,20427,21217,7265,28482,73,73.043,3,FALSE,TRUE,TRUE,FALSE,FALSE,TRUE
150,149,9/20/19,20190920,2019,9,5,19857,25291,5809,31100,76,73.044,3,FALSE,TRUE,FALSE,TRUE,FALSE,TRUE
151,150,9/19/19,20190919,2019,9,4,14464,27717,6156,33873,74,73.045,3,TRUE,TRUE,TRUE,TRUE,FALSE,TRUE
152,151,9/18/19,20190918,2019,9,3,9981,24507,5699,30206,77,73.046,3,TRUE,TRUE,TRUE,TRUE,FALSE,FALSE
153,152,9/17/19,20190917,2019,9,2,1213,8787,8847,17634,76,73.047,3,FALSE,TRUE,TRUE,FALSE,FALSE,FALSE
154,153,9/16/19,20190916,2019,9,1,15199,17630,6686,24316,76,73.048,3,TRUE,TRUE,TRUE,FALSE,FALSE,TRUE
155,154,9/15/19,20190915,2019,9,0,8985,15080,6641,21721,75,73.049,3,FALSE,TRUE,FALSE,FALSE,FALSE,FALSE
156,155,9/14/19,20190914,2019,9,6,10980,17956,7551,25507,74,73.05,3,TRUE,TRUE,TRUE,FALSE,FALSE,TRUE
157,156,9/13/19,20190913,2019,9,5,7161,23802,7921,31723,73,73.051,3,TRUE,TRUE,TRUE,TRUE,FALSE,FALSE
158,157,9/12/19,20190912,2019,9,4,12424,27250,5677,32927,75,73.052,3,TRUE,TRUE,TRUE,TRUE,FALSE,TRUE
159,158,9/11/19,20190911,2019,9,3,9866,11191,7890,19081,71,73.053,3,TRUE,TRUE,TRUE,FALSE,FALSE,FALSE
160,159,9/10/19,20190910,2019,9,2,9182,23602,8010,31612,74,73.054,3,FALSE,TRUE,TRUE,TRUE,FALSE,FALSE
161,160,9/9/19,20190909,2019,9,1,9736,15537,9688,25225,76,73.055,3,FALSE,TRUE,TRUE,FALSE,FALSE,FALSE
162,161,9/8/19,20190908,2019,9,0,7987,15397,7082,22479,76,73.056,3,TRUE,TRUE,TRUE,FALSE,FALSE,FALSE
163,162,9/7/19,20190907,2019,9,6,9305,21452,5937,27389,76,73.057,3,TRUE,TRUE,TRUE,FALSE,FALSE,FALSE
164,163,9/6/19,20190906,2019,9,5,11531,31540,6845,38385,77,73.058,3,FALSE,TRUE,FALSE,TRUE,FALSE,TRUE
165,164,9/5/19,20190905,2019,9,4,12342,28502,7186,35688,71,73.059,3,FALSE,TRUE,TRUE,TRUE,FALSE,TRUE
166,165,9/4/19,20190904,2019,9,3,12959,19757,8747,28504,77,73.06,3,FALSE,TRUE,FALSE,FALSE,FALSE,TRUE
167,166,9/3/19,20190903,2019,9,2,3030,25620,6720,32370,77,73.061,3,FALSE,FALSE,FALSE,TRUE,FALSE,FALSE
168,167,9/2/19,20190902,2019,9,1,8401,18360,8490,26880,78,73.062,3,FALSE,FALSE,FALSE,FALSE,FALSE,FALSE
169,168,9/1/19,20190901,2019,9,0,12047,24600,15300,39930,76,73.063,3,FALSE,FALSE,FALSE,TRUE,FALSE,TRUE
170,169,8/31/19,20190831,2019,8,6,17118,23040,5490,28560,78,73.064,2,FALSE,FALSE,FALSE,TRUE,FALSE,TRUE
171,170,8/30/19,20190830,2019,8,5,5107,26040,6750,32790,83,73.065,2,FALSE,FALSE,FALSE,TRUE,FALSE,FALSE
172,171,8/29/19,20190829,2019,8,4,2418,20391,6729,27120,78,73.066,2,FALSE,TRUE,TRUE,FALSE,FALSE,FALSE
173,172,8/28/19,20190828,2019,8,3,10866,22857,5607,28464,80,73.067,2,TRUE,TRUE,TRUE,TRUE,FALSE,TRUE
174,173,8/27/19,20190827,2019,8,2,10188,21878,7253,29131,78,73.068,2,TRUE,TRUE,TRUE,TRUE,FALSE,TRUE
175,174,8/26/19,20190826,2019,8,1,9055,21554,8033,29587,80,73.069,2,TRUE,TRUE,TRUE,FALSE,FALSE,FALSE
176,175,8/25/19,20190825,2019,8,0,10836,21007,4983,25990,79,73.07,2,TRUE,TRUE,TRUE,FALSE,FALSE,TRUE
177,176,8/24/19,20190824,2019,8,6,10528,22989,7332,30321,78,73.071,2,TRUE,TRUE,TRUE,TRUE,FALSE,TRUE
178,177,8/23/19,20190823,2019,8,5,9097,21260,6622,27882,79,73.072,2,TRUE,TRUE,TRUE,FALSE,FALSE,FALSE
179,178,8/22/19,20190822,2019,8,4,8265,18045,7042,25087,75,73.073,2,TRUE,TRUE,TRUE,FALSE,FALSE,FALSE
180,179,8/21/19,20190821,2019,8,3,11488,12191,8810,21001,81,73.074,2,TRUE,TRUE,TRUE,FALSE,FALSE,TRUE
181,180,8/20/19,20190820,2019,8,2,12014,25468,4765,30233,80,73.075,2,TRUE,TRUE,TRUE,TRUE,FALSE,TRUE
182,181,8/19/19,20190819,2019,8,1,9279,17120,5514,22634,77,73.076,2,TRUE,TRUE,TRUE,FALSE,FALSE,FALSE
183,182,8/18/19,20190818,2019,8,0,10206,19705,12115,31820,78,73.077,2,TRUE,TRUE,TRUE,FALSE,FALSE,TRUE
184,183,8/17/19,20190817,2019,8,6,11688,19331,6707,26038,79,73.078,2,TRUE,TRUE,TRUE,FALSE,FALSE,TRUE
185,184,8/16/19,20190816,2019,8,5,9245,25404,7062,32466,77,73.079,2,TRUE,TRUE,TRUE,TRUE,FALSE,FALSE
186,185,8/15/19,20190815,2019,8,4,9280,24818,9512,34330,78,73.08,2,TRUE,TRUE,TRUE,TRUE,FALSE,FALSE
187,186,8/14/19,20190814,2019,8,3,7587,19598,8313,27911,85,73.081,2,TRUE,TRUE,TRUE,FALSE,FALSE,FALSE
188,187,8/13/19,20190813,2019,8,2,11273,18775,5441,24216,80,73.082,2,TRUE,TRUE,TRUE,FALSE,FALSE,TRUE
189,188,8/12/19,20190812,2019,8,1,10599,19561,10984,30545,78,73.083,2,TRUE,TRUE,TRUE,FALSE,FALSE,TRUE
190,189,8/11/19,20190811,2019,8,0,14404,23000,9814,32814,80,73.084,2,TRUE,TRUE,TRUE,TRUE,FALSE,TRUE
191,190,8/10/19,20190810,2019,8,6,11553,21969,7992,29961,76,73.085,2,TRUE,TRUE,TRUE,TRUE,FALSE,TRUE
192,191,8/9/19,20190809,2019,8,5,12419,17470,8446,25916,80,73.086,2,TRUE,TRUE,TRUE,FALSE,FALSE,TRUE
193,192,8/8/19,20190808,2019,8,4,12240,6825,10799,17624,76,73.087,2,TRUE,TRUE,TRUE,FALSE,FALSE,TRUE
194,193,8/7/19,20190807,2019,8,3,10999,24471,8805,33276,77,73.088,2,TRUE,TRUE,TRUE,TRUE,FALSE,TRUE
195,194,8/6/19,20190806,2019,8,2,6147,26220,6148,32368,78,73.089,2,TRUE,TRUE,TRUE,TRUE,FALSE,FALSE
196,195,8/5/19,20190805,2019,8,1,12790,23197,8990,32187,80,73.09,2,TRUE,TRUE,TRUE,TRUE,FALSE,TRUE
197,196,8/4/19,20190804,2019,8,0,10154,16972,4457,21429,79,73.091,2,TRUE,TRUE,TRUE,FALSE,FALSE,TRUE
198,197,8/3/19,20190803,2019,8,6,11177,20306,9176,29482,79,73.092,2,TRUE,TRUE,TRUE,FALSE,FALSE,TRUE
199,198,8/2/19,20190802,2019,8,5,9666,12426,12317,24743,78,73.093,2,TRUE,TRUE,TRUE,FALSE,FALSE,FALSE
200,199,8/1/19,20190801,2019,8,4,7642,16862,11137,27999,76,73.094,2,TRUE,TRUE,TRUE,FALSE,FALSE,FALSE
201,200,7/31/19,20190731,2019,7,3,13362,16791,7271,24062,75,73.095,2,TRUE,TRUE,TRUE,FALSE,FALSE,TRUE
202,201,7/30/19,20190730,2019,7,2,5970,18078,7198,25276,78,73.096,2,TRUE,TRUE,TRUE,FALSE,FALSE,FALSE
203,202,7/29/19,20190729,2019,7,1,11380,17855,7546,25401,77,73.097,2,TRUE,TRUE,TRUE,FALSE,FALSE,TRUE
204,203,7/28/19,20190728,2019,7,0,11902,14614,8742,23356,77,73.098,2,TRUE,TRUE,TRUE,FALSE,FALSE,TRUE
205,204,7/27/19,20190727,2019,7,6,10421,17488,8570,26058,74,73.099,2,TRUE,TRUE,TRUE,FALSE,FALSE,TRUE
206,205,7/26/19,20190726,2019,7,5,16638,15643,9404,25047,76,73.1,2,TRUE,TRUE,TRUE,FALSE,FALSE,TRUE
207,206,7/25/19,20190725,2019,7,4,13480,26053,6849,32902,75,73.101,2,TRUE,TRUE,TRUE,TRUE,FALSE,TRUE
208,207,7/24/19,20190724,2019,7,3,14049,22143,5549,27692,78,73.102,2,TRUE,TRUE,TRUE,TRUE,FALSE,TRUE
209,208,7/23/19,20190723,2019,7,2,12874,28488,7922,36410,77,73.103,2,TRUE,TRUE,TRUE,TRUE,FALSE,TRUE
210,209,7/22/19,20190722,2019,7,1,8521,17297,7101,24398,76,73.104,2,TRUE,TRUE,TRUE,FALSE,FALSE,FALSE
211,210,7/21/19,20190721,2019,7,0,15013,27104,6149,33253,79,73.105,2,TRUE,TRUE,TRUE,TRUE,FALSE,TRUE
212,211,7/20/19,20190720,2019,7,6,11231,24480,9406,33886,78,73.106,2,TRUE,TRUE,TRUE,TRUE,FALSE,TRUE
213,212,7/19/19,20190719,2019,7,5,16165,14317,10411,24728,76,73.107,2,TRUE,TRUE,TRUE,FALSE,FALSE,TRUE
214,213,7/18/19,20190718,2019,7,4,15010,23790,8366,32156,76,73.108,2,TRUE,TRUE,TRUE,TRUE,FALSE,TRUE
215,214,7/17/19,20190717,2019,7,3,11729,19414,8596,28010,76,73.109,2,TRUE,TRUE,TRUE,FALSE,FALSE,TRUE
216,215,7/16/19,20190716,2019,7,2,11104,28648,5277,33925,75,73.11,2,TRUE,TRUE,TRUE,TRUE,FALSE,TRUE
217,216,7/15/19,20190715,2019,7,1,11306,20604,6098,26702,77,73.111,2,TRUE,TRUE,TRUE,FALSE,FALSE,TRUE
218,217,7/14/19,20190714,2019,7,0,10617,19673,5838,25511,75,73.112,2,TRUE,TRUE,TRUE,FALSE,FALSE,TRUE
219,218,7/13/19,20190713,2019,7,6,13904,17260,6910,24170,73,73.113,2,TRUE,TRUE,TRUE,FALSE,FALSE,TRUE
220,219,7/12/19,20190712,2019,7,5,11502,18633,7938,26571,74,73.114,2,TRUE,TRUE,TRUE,FALSE,FALSE,TRUE
221,220,7/11/19,20190711,2019,7,4,14338,32921,6454,39375,77,73.115,2,TRUE,TRUE,TRUE,TRUE,FALSE,TRUE
222,221,7/10/19,20190710,2019,7,3,19386,35859,7298,43157,79,73.116,2,TRUE,TRUE,TRUE,TRUE,FALSE,TRUE
223,222,7/9/19,20190709,2019,7,2,12794,17520,9393,26913,78,73.117,2,TRUE,TRUE,TRUE,FALSE,FALSE,TRUE
224,223,7/8/19,20190708,2019,7,1,8665,19496,6276,25772,74,73.118,2,TRUE,TRUE,TRUE,FALSE,FALSE,FALSE
225,224,7/7/19,20190707,2019,7,0,20800,17682,8770,26452,76,73.119,2,TRUE,TRUE,TRUE,FALSE,FALSE,TRUE
226,225,7/6/19,20190706,2019,7,6,19692,19711,7859,27570,77,73.12,2,TRUE,TRUE,TRUE,FALSE,FALSE,TRUE
227,226,7/5/19,20190705,2019,7,5,14206,20966,6398,27364,76,73.121,2,TRUE,TRUE,TRUE,FALSE,FALSE,TRUE
228,227,7/4/19,20190704,2019,7,4,10838,18247,6536,24783,76,73.122,2,TRUE,TRUE,TRUE,FALSE,FALSE,TRUE
229,228,7/3/19,20190703,2019,7,3,5577,24562,5473,30035,75,73.123,2,TRUE,TRUE,TRUE,TRUE,FALSE,FALSE
230,229,7/2/19,20190702,2019,7,2,10449,15194,8952,24146,75,73.124,2,TRUE,TRUE,TRUE,FALSE,FALSE,TRUE
231,230,7/1/19,20190701,2019,7,1,12098,11645,7674,19319,75,73.125,2,TRUE,TRUE,TRUE,FALSE,FALSE,TRUE
232,231,6/30/19,20190630,2019,6,0,9353,28515,5144,33659,75,73.126,2,TRUE,TRUE,TRUE,TRUE,FALSE,FALSE
233,232,6/29/19,20190629,2019,6,6,8196,30900,1950,32850,77,73.127,2,FALSE,FALSE,FALSE,TRUE,TRUE,FALSE
234,233,6/28/19,20190628,2019,6,5,23407,26280,5280,31590,80,73.128,2,FALSE,FALSE,FALSE,TRUE,FALSE,TRUE
235,234,6/27/19,20190627,2019,6,4,12923,19344,6518,25862,79,73.129,2,FALSE,TRUE,FALSE,FALSE,FALSE,TRUE
236,235,6/26/19,20190626,2019,6,3,17474,23089,6043,29132,78,73.13,2,TRUE,TRUE,TRUE,TRUE,FALSE,TRUE
237,236,6/25/19,20190625,2019,6,2,8477,22987,10570,33557,78,73.131,2,TRUE,TRUE,TRUE,TRUE,FALSE,FALSE
238,237,6/24/19,20190624,2019,6,1,16040,22203,5943,28146,77,73.132,2,TRUE,TRUE,TRUE,TRUE,FALSE,TRUE
239,238,6/23/19,20190623,2019,6,0,8749,15227,7720,22947,75,73.133,2,TRUE,TRUE,TRUE,FALSE,FALSE,FALSE
240,239,6/22/19,20190622,2019,6,6,12548,24749,10849,35598,77,73.134,2,TRUE,TRUE,TRUE,TRUE,FALSE,TRUE
241,240,6/21/19,20190621,2019,6,5,12749,27196,9262,36458,77,73.135,2,TRUE,TRUE,TRUE,TRUE,FALSE,TRUE
242,241,6/20/19,20190620,2019,6,4,10967,19182,8961,28143,77,73.136,2,TRUE,TRUE,TRUE,FALSE,FALSE,TRUE
243,242,6/19/19,20190619,2019,6,3,15628,23518,10657,34175,74,73.137,2,TRUE,TRUE,TRUE,TRUE,FALSE,TRUE
244,243,6/18/19,20190618,2019,6,2,13293,3516,11437,14953,76,73.138,2,TRUE,TRUE,TRUE,FALSE,FALSE,TRUE
245,244,6/17/19,20190617,2019,6,1,11684,22873,7065,29938,75,73.139,2,TRUE,TRUE,TRUE,TRUE,FALSE,TRUE
246,245,6/16/19,20190616,2019,6,0,11937,19685,6313,25998,76,73.14,2,TRUE,TRUE,TRUE,FALSE,FALSE,TRUE
247,246,6/15/19,20190615,2019,6,6,14109,19552,8392,27944,77,73.141,2,TRUE,TRUE,TRUE,FALSE,FALSE,TRUE
248,247,6/14/19,20190614,2019,6,5,9520,20675,6450,27125,76,73.142,2,TRUE,TRUE,TRUE,FALSE,FALSE,FALSE
249,248,6/13/19,20190613,2019,6,4,12149,32693,8200,40893,74,73.143,2,TRUE,TRUE,TRUE,TRUE,FALSE,TRUE
250,249,6/12/19,20190612,2019,6,3,9962,23494,8010,31504,77,73.144,2,TRUE,TRUE,TRUE,TRUE,FALSE,FALSE
251,250,6/11/19,20190611,2019,6,2,14495,20350,5998,26348,79,73.145,2,TRUE,TRUE,TRUE,FALSE,FALSE,TRUE
252,251,6/10/19,20190610,2019,6,1,11006,21438,6668,28106,78,73.146,2,TRUE,TRUE,TRUE,FALSE,FALSE,TRUE
253,252,6/9/19,20190609,2019,6,0,14362,25264,6077,31341,77,73.147,2,TRUE,TRUE,TRUE,TRUE,FALSE,TRUE
254,253,6/8/19,20190608,2019,6,6,15254,21289,8061,29350,78,73.148,2,TRUE,TRUE,TRUE,FALSE,FALSE,TRUE
255,254,6/7/19,20190607,2019,6,5,10962,12484,14242,26726,74,73.149,2,TRUE,TRUE,TRUE,FALSE,FALSE,TRUE
256,255,6/6/19,20190606,2019,6,4,16408,25523,8064,33587,78,73.15,2,TRUE,TRUE,TRUE,TRUE,FALSE,TRUE
257,256,6/5/19,20190605,2019,6,3,12830,25819,7888,33707,75,73.151,2,TRUE,TRUE,TRUE,TRUE,FALSE,TRUE
258,257,6/4/19,20190604,2019,6,2,12167,19131,7659,26790,76,73.152,2,TRUE,TRUE,TRUE,FALSE,FALSE,TRUE
259,258,6/3/19,20190603,2019,6,1,9817,21663,8776,30439,77,73.153,2,TRUE,TRUE,TRUE,TRUE,FALSE,FALSE
260,259,6/2/19,20190602,2019,6,0,12629,22725,7229,29954,77,73.154,2,TRUE,TRUE,TRUE,TRUE,FALSE,TRUE
261,260,6/1/19,20190601,2019,6,6,12769,33322,7527,40849,77,73.155,2,TRUE,TRUE,TRUE,TRUE,FALSE,TRUE
262,261,5/31/19,20190531,2019,5,5,15485,24358,7276,31634,75,73.156,1,TRUE,TRUE,TRUE,TRUE,FALSE,TRUE
263,262,5/30/19,20190530,2019,5,4,13372,17910,8542,26452,75,73.157,1,TRUE,TRUE,TRUE,FALSE,FALSE,TRUE
264,263,5/29/19,20190529,2019,5,3,13769,24399,10094,34493,76,73.158,1,TRUE,TRUE,TRUE,TRUE,FALSE,TRUE
265,264,5/28/19,20190528,2019,5,2,12499,17924,7924,25848,77,73.159,1,TRUE,TRUE,TRUE,FALSE,FALSE,TRUE
266,265,5/27/19,20190527,2019,5,1,14909,24560,5774,30334,77,73.16,1,TRUE,TRUE,TRUE,TRUE,FALSE,TRUE
267,266,5/26/19,20190526,2019,5,0,12602,20496,7374,27870,76,73.161,1,TRUE,TRUE,TRUE,FALSE,FALSE,TRUE
268,267,5/25/19,20190525,2019,5,6,12579,15825,11425,27250,73,73.162,1,TRUE,TRUE,TRUE,FALSE,FALSE,TRUE
269,268,5/24/19,20190524,2019,5,5,10195,25210,9693,34903,75,73.163,1,TRUE,TRUE,TRUE,TRUE,FALSE,TRUE
270,269,5/23/19,20190523,2019,5,4,12833,26384,9800,36184,80,73.164,1,TRUE,TRUE,TRUE,TRUE,FALSE,TRUE
271,270,5/22/19,20190522,2019,5,3,6977,25626,5593,31219,76,73.165,1,TRUE,TRUE,TRUE,TRUE,FALSE,FALSE
272,271,5/21/19,20190521,2019,5,2,10957,29932,8665,38597,78,73.166,1,TRUE,TRUE,TRUE,TRUE,FALSE,TRUE
273,272,5/20/19,20190520,2019,5,1,12134,18954,5963,24917,78,73.167,1,TRUE,TRUE,TRUE,FALSE,FALSE,TRUE
274,273,5/19/19,20190519,2019,5,0,5447,19806,6356,26162,79,73.168,1,FALSE,TRUE,FALSE,FALSE,FALSE,FALSE
275,274,5/18/19,20190518,2019,5,6,13081,16266,10513,26779,76,73.169,1,TRUE,TRUE,TRUE,FALSE,FALSE,TRUE
276,275,5/17/19,20190517,2019,5,5,10338,23914,6284,30198,79,73.17,1,TRUE,TRUE,TRUE,TRUE,FALSE,TRUE
277,276,5/16/19,20190516,2019,5,4,10756,25695,5652,31347,78,73.171,1,FALSE,TRUE,FALSE,TRUE,FALSE,TRUE
278,277,5/15/19,20190515,2019,5,3,9327,34088,5523,39611,78,73.172,1,FALSE,TRUE,FALSE,TRUE,FALSE,FALSE
279,278,5/14/19,20190514,2019,5,2,11229,23360,8222,31582,77,73.173,1,TRUE,TRUE,TRUE,TRUE,FALSE,TRUE
280,279,5/13/19,20190513,2019,5,1,9421,24476,5042,29518,75,73.174,1,TRUE,TRUE,TRUE,TRUE,FALSE,FALSE
281,280,5/12/19,20190512,2019,5,0,12165,21676,9225,30901,80,73.175,1,TRUE,TRUE,TRUE,TRUE,FALSE,TRUE
282,281,5/11/19,20190511,2019,5,6,18246,14747,11707,26454,74,73.176,1,FALSE,TRUE,TRUE,FALSE,FALSE,TRUE
283,282,5/10/19,20190510,2019,5,5,20442,20340,-660,19710,78,73.177,1,FALSE,FALSE,FALSE,FALSE,TRUE,TRUE
284,283,5/9/19,20190509,2019,5,4,19298,16020,-9480,6540,81,73.178,1,FALSE,FALSE,FALSE,FALSE,TRUE,TRUE
285,284,5/8/19,20190508,2019,5,3,17998,21688,9061,30749,82,73.179,1,FALSE,TRUE,FALSE,TRUE,FALSE,TRUE
286,285,5/7/19,20190507,2019,5,2,17557,17640,-6390,11280,81,73.18,1,FALSE,FALSE,FALSE,FALSE,TRUE,TRUE
287,286,5/6/19,20190506,2019,5,1,15545,27032,5352,32384,80,73.181,1,FALSE,TRUE,FALSE,TRUE,FALSE,TRUE
288,287,5/5/19,20190505,2019,5,0,18531,4980,32010,37020,79,73.182,1,FALSE,FALSE,FALSE,FALSE,FALSE,TRUE
289,288,5/4/19,20190504,2019,5,6,23723,26730,6090,34510,79,73.183,1,FALSE,FALSE,FALSE,TRUE,FALSE,TRUE
290,289,5/3/19,20190503,2019,5,5,8108,18204,6750,26270,75,73.184,1,FALSE,FALSE,FALSE,FALSE,FALSE,FALSE
291,290,5/2/19,20190502,2019,5,4,10940,23859,8903,32762,76,73.185,1,TRUE,TRUE,TRUE,TRUE,FALSE,TRUE
292,291,5/1/19,20190501,2019,5,3,11243,22345,9804,32149,76,73.186,1,TRUE,TRUE,TRUE,TRUE,FALSE,TRUE
293,292,4/30/19,20190430,2019,4,2,10476,20698,7972,28670,73,73.187,1,TRUE,TRUE,TRUE,FALSE,FALSE,TRUE
294,293,4/29/19,20190429,2019,4,1,11688,21217,6416,27633,77,73.188,1,TRUE,TRUE,TRUE,FALSE,FALSE,TRUE
295,294,4/28/19,20190428,2019,4,0,7917,20967,5114,26081,74,73.189,1,TRUE,TRUE,TRUE,FALSE,FALSE,FALSE
296,295,4/27/19,20190427,2019,4,6,12252,12800,12115,24915,77,73.19,1,TRUE,TRUE,TRUE,FALSE,FALSE,TRUE
297,296,4/26/19,20190426,2019,4,5,8772,21633,8210,29843,75,73.191,1,TRUE,TRUE,TRUE,TRUE,FALSE,FALSE
298,297,4/25/19,20190425,2019,4,4,9506,18309,8453,26762,75,73.192,1,TRUE,TRUE,TRUE,FALSE,FALSE,FALSE
299,298,4/24/19,20190424,2019,4,3,8716,21145,13103,34248,76,73.193,1,TRUE,TRUE,TRUE,FALSE,FALSE,FALSE
300,299,4/23/19,20190423,2019,4,2,11218,14634,12904,27538,75,73.194,1,TRUE,TRUE,TRUE,FALSE,FALSE,TRUE
301,300,4/22/19,20190422,2019,4,1,7779,18716,6731,25447,75,73.195,1,TRUE,TRUE,TRUE,FALSE,FALSE,FALSE
302,301,4/21/19,20190421,2019,4,0,9176,22888,9572,32460,76,73.196,1,TRUE,TRUE,TRUE,TRUE,FALSE,FALSE
303,302,4/20/19,20190420,2019,4,6,10491,20673,9278,29951,75,73.197,1,TRUE,TRUE,TRUE,FALSE,FALSE,TRUE
304,303,4/19/19,20190419,2019,4,5,9743,18047,8068,26115,74,73.198,1,TRUE,TRUE,TRUE,FALSE,FALSE,FALSE
305,304,4/18/19,20190418,2019,4,4,11993,20712,10147,30859,74,73.199,1,TRUE,TRUE,TRUE,FALSE,FALSE,TRUE
306,305,4/17/19,20190417,2019,4,3,7288,24626,7708,32334,74,73.2,1,TRUE,TRUE,TRUE,TRUE,FALSE,FALSE
307,306,4/16/19,20190416,2019,4,2,10243,20084,11581,31665,76,73.201,1,TRUE,TRUE,TRUE,FALSE,FALSE,TRUE
308,307,4/15/19,20190415,2019,4,1,6771,19685,5268,24953,75,73.202,1,TRUE,TRUE,TRUE,FALSE,FALSE,FALSE
309,308,4/14/19,20190414,2019,4,0,7280,23162,6340,29502,76,73.203,1,TRUE,TRUE,TRUE,TRUE,FALSE,FALSE
310,309,4/13/19,20190413,2019,4,6,13987,6787,10851,17638,75,73.204,1,TRUE,TRUE,TRUE,FALSE,FALSE,TRUE
311,310,4/12/19,20190412,2019,4,5,8581,19484,8264,27748,75,73.205,1,TRUE,TRUE,TRUE,FALSE,FALSE,FALSE
312,311,4/11/19,20190411,2019,4,4,7386,22931,10942,33873,76,73.206,1,TRUE,TRUE,TRUE,TRUE,FALSE,FALSE
313,312,4/10/19,20190410,2019,4,3,8119,21337,7228,28565,73,73.207,1,TRUE,TRUE,TRUE,FALSE,FALSE,FALSE
314,313,4/9/19,20190409,2019,4,2,7457,18670,12333,31003,76,73.208,1,TRUE,TRUE,TRUE,FALSE,FALSE,FALSE
315,314,4/8/19,20190408,2019,4,1,10649,19333,6813,26146,75,73.209,1,TRUE,TRUE,TRUE,FALSE,FALSE,TRUE
316,315,4/7/19,20190407,2019,4,0,10179,21849,7914,29763,74,73.21,1,TRUE,TRUE,TRUE,TRUE,FALSE,TRUE
317,316,4/6/19,20190406,2019,4,6,9526,17396,7623,25019,75,73.211,1,TRUE,TRUE,TRUE,FALSE,FALSE,FALSE
318,317,4/5/19,20190405,2019,4,5,8641,11168,10795,21963,76,73.212,1,TRUE,TRUE,TRUE,FALSE,FALSE,FALSE
319,318,4/4/19,20190404,2019,4,4,14293,9107,7284,16391,73,73.213,1,TRUE,TRUE,TRUE,FALSE,FALSE,TRUE
320,319,4/3/19,20190403,2019,4,3,10876,22288,8555,30843,76,73.214,1,TRUE,TRUE,TRUE,TRUE,FALSE,TRUE
321,320,4/2/19,20190402,2019,4,2,10339,23710,9652,33362,74,73.215,1,TRUE,TRUE,TRUE,TRUE,FALSE,TRUE
322,321,4/1/19,20190401,2019,4,1,6852,30469,8469,38938,74,73.216,1,TRUE,TRUE,TRUE,TRUE,FALSE,FALSE
323,322,3/31/19,20190331,2019,3,0,7367,15174,7166,22340,79,73.217,1,TRUE,TRUE,TRUE,FALSE,FALSE,FALSE
324,323,3/30/19,20190330,2019,3,6,10949,24840,4560,29400,75,73.218,1,FALSE,FALSE,FALSE,TRUE,FALSE,TRUE
325,324,3/29/19,20190329,2019,3,5,17225,20784,8591,29375,78,73.219,1,FALSE,TRUE,FALSE,FALSE,FALSE,TRUE
326,325,3/28/19,20190328,2019,3,4,12885,30958,8126,39084,78,73.22,1,TRUE,TRUE,TRUE,TRUE,FALSE,TRUE
327,326,3/27/19,20190327,2019,3,3,10309,17640,20220,37860,78,73.221,1,FALSE,FALSE,FALSE,FALSE,FALSE,TRUE
328,327,3/26/19,20190326,2019,3,2,15188,17580,13170,30780,77,73.222,1,FALSE,FALSE,FALSE,FALSE,FALSE,TRUE
329,328,3/25/19,20190325,2019,3,1,14671,13204,7380,22590,76,73.223,1,FALSE,FALSE,FALSE,FALSE,FALSE,TRUE
330,329,3/24/19,20190324,2019,3,0,17932,27946,5615,33561,77,73.224,1,FALSE,TRUE,FALSE,TRUE,FALSE,TRUE
331,330,3/23/19,20190323,2019,3,6,12228,32640,-4860,27780,77,73.225,1,FALSE,FALSE,FALSE,TRUE,TRUE,TRUE
332,331,3/22/19,20190322,2019,3,5,12370,20760,4350,25110,77,73.226,1,FALSE,FALSE,FALSE,FALSE,FALSE,TRUE
333,332,3/21/19,20190321,2019,3,4,5893,23759,8368,32127,78,73.227,1,FALSE,TRUE,TRUE,TRUE,FALSE,FALSE
334,333,3/20/19,20190320,2019,3,3,12033,16422,10178,26600,76,73.228,1,TRUE,TRUE,TRUE,FALSE,FALSE,TRUE
335,334,3/19/19,20190319,2019,3,2,11298,18631,9254,27885,75,73.229,1,TRUE,TRUE,TRUE,FALSE,FALSE,TRUE
336,335,3/18/19,20190318,2019,3,1,9971,23316,7169,30485,77,73.23,1,TRUE,TRUE,TRUE,TRUE,FALSE,FALSE
337,336,3/17/19,20190317,2019,3,0,13712,23280,4080,27390,77,73.231,1,FALSE,FALSE,TRUE,TRUE,FALSE,TRUE
338,337,3/16/19,20190316,2019,3,6,1369,22487,9122,31609,78,73.232,1,FALSE,TRUE,TRUE,TRUE,FALSE,FALSE
339,338,3/15/19,20190315,2019,3,5,6639,23661,11310,34971,77,73.233,1,TRUE,TRUE,TRUE,TRUE,FALSE,FALSE
340,339,3/14/19,20190314,2019,3,4,8690,22380,8730,31140,76,73.234,1,FALSE,FALSE,TRUE,TRUE,FALSE,FALSE
341,340,3/13/19,20190313,2019,3,3,15122,16620,7710,24330,79,73.235,1,FALSE,FALSE,TRUE,FALSE,FALSE,TRUE
342,341,3/12/19,20190312,2019,3,2,11833,14589,5834,20423,77,73.236,1,FALSE,TRUE,TRUE,FALSE,FALSE,TRUE
343,342,3/11/19,20190311,2019,3,1,9975,23640,720,24390,78,73.237,1,FALSE,FALSE,TRUE,TRUE,TRUE,FALSE
344,343,3/10/19,20190310,2019,3,0,14548,27180,8370,31950,76,73.238,1,FALSE,FALSE,TRUE,TRUE,FALSE,TRUE
345,344,3/9/19,20190309,2019,3,6,14440,4500,2120,38650,76,73.239,1,FALSE,FALSE,TRUE,FALSE,TRUE,TRUE
346,345,3/8/19,20190308,2019,3,5,7237,7680,7790,25500,76,73.24,1,FALSE,FALSE,TRUE,FALSE,FALSE,FALSE
347,346,3/7/19,20190307,2019,3,4,7675,17362,6317,23679,77,73.241,1,TRUE,TRUE,TRUE,FALSE,FALSE,FALSE
348,347,3/6/19,20190306,2019,3,3,10205,12824,7935,20759,78,73.242,1,TRUE,TRUE,TRUE,FALSE,FALSE,TRUE
349,348,3/5/19,20190305,2019,3,2,14084,8909,13376,22285,77,73.243,1,TRUE,TRUE,TRUE,FALSE,FALSE,TRUE
350,349,3/4/19,20190304,2019,3,1,11274,18257,5746,24003,77,73.244,1,TRUE,TRUE,TRUE,FALSE,FALSE,TRUE
351,350,3/3/19,20190303,2019,3,0,11279,20389,5377,25766,77,73.245,1,TRUE,TRUE,TRUE,FALSE,FALSE,TRUE
352,351,3/2/19,20190302,2019,3,6,13756,16973,13058,30031,75,73.246,1,TRUE,TRUE,TRUE,FALSE,FALSE,TRUE
353,352,3/1/19,20190301,2019,3,5,8969,18561,12978,31539,77,73.247,1,TRUE,TRUE,TRUE,FALSE,FALSE,FALSE
354,353,2/28/19,20190228,2019,2,4,8836,23248,9337,32585,79,73.248,0,TRUE,TRUE,TRUE,TRUE,FALSE,FALSE
355,354,2/27/19,20190227,2019,2,3,9103,21970,10734,32704,76,73.249,0,TRUE,TRUE,TRUE,TRUE,FALSE,FALSE
356,355,2/26/19,20190226,2019,2,2,9183,19277,11118,30395,78,73.25,0,TRUE,TRUE,TRUE,FALSE,FALSE,FALSE
357,356,2/25/19,20190225,2019,2,1,10255,25520,7176,32696,75,73.251,0,TRUE,TRUE,TRUE,TRUE,FALSE,TRUE
358,357,2/24/19,20190224,2019,2,0,7643,22675,5525,28200,77,73.252,0,TRUE,TRUE,TRUE,TRUE,FALSE,FALSE
359,358,2/23/19,20190223,2019,2,6,10710,22158,7637,29795,76,73.253,0,TRUE,TRUE,TRUE,TRUE,FALSE,TRUE
360,359,2/22/19,20190222,2019,2,5,8726,16359,9085,25444,74,73.254,0,TRUE,TRUE,TRUE,FALSE,FALSE,FALSE
361,360,2/21/19,20190221,2019,2,4,7369,18413,7655,26068,77,73.255,0,TRUE,TRUE,TRUE,FALSE,FALSE,FALSE
362,361,2/20/19,20190220,2019,2,3,8295,24191,5796,29987,78,73.256,0,TRUE,TRUE,TRUE,TRUE,FALSE,FALSE
363,362,2/19/19,20190219,2019,2,2,6614,21742,5568,27310,81,73.257,0,TRUE,TRUE,TRUE,TRUE,FALSE,FALSE
364,363,2/18/19,20190218,2019,2,1,10029,25819,7029,32848,78,73.258,0,TRUE,TRUE,TRUE,TRUE,FALSE,TRUE
365,364,2/17/19,20190217,2019,2,0,11067,22106,6832,28938,78,73.259,0,TRUE,TRUE,TRUE,TRUE,FALSE,TRUE
366,365,2/16/19,20190216,2019,2,6,9604,25530,7447,32977,76,73.26,0,TRUE,TRUE,TRUE,TRUE,FALSE,FALSE
367,366,2/15/19,20190215,2019,2,5,10777,20809,7856,28665,78,73.261,0,TRUE,TRUE,TRUE,FALSE,FALSE,TRUE
368,367,2/14/19,20190214,2019,2,4,9994,26139,7905,34044,77,73.262,0,TRUE,TRUE,TRUE,TRUE,FALSE,FALSE
369,368,2/13/19,20190213,2019,2,3,8752,17466,8336,25802,77,73.263,0,TRUE,TRUE,TRUE,FALSE,FALSE,FALSE
370,369,2/12/19,20190212,2019,2,2,13126,14637,7966,22603,77,73.264,0,TRUE,TRUE,TRUE,FALSE,FALSE,TRUE
371,370,2/11/19,20190211,2019,2,1,12769,15973,9653,25626,78,73.265,0,TRUE,TRUE,TRUE,FALSE,FALSE,TRUE
372,371,2/10/19,20190210,2019,2,0,11102,20558,6042,26600,79,73.266,0,TRUE,TRUE,TRUE,FALSE,FALSE,TRUE
373,372,2/9/19,20190209,2019,2,6,9618,30097,7320,37417,78,73.267,0,TRUE,TRUE,TRUE,TRUE,FALSE,FALSE
374,373,2/8/19,20190208,2019,2,5,4920,15767,13245,29012,75,73.268,0,TRUE,TRUE,TRUE,FALSE,FALSE,FALSE
375,374,2/7/19,20190207,2019,2,4,9535,18415,8436,26851,80,73.269,0,TRUE,TRUE,TRUE,FALSE,FALSE,FALSE
376,375,2/6/19,20190206,2019,2,3,8170,22264,6259,28523,77,73.27,0,TRUE,TRUE,TRUE,TRUE,FALSE,FALSE
377,376,2/5/19,20190205,2019,2,2,7893,18974,10279,29253,75,73.271,0,TRUE,TRUE,TRUE,FALSE,FALSE,FALSE
378,377,2/4/19,20190204,2019,2,1,8454,12151,8751,20902,78,73.272,0,TRUE,TRUE,TRUE,FALSE,FALSE,FALSE
379,378,2/3/19,20190203,2019,2,0,9722,20214,10711,30925,77,73.273,0,TRUE,TRUE,TRUE,FALSE,FALSE,FALSE
380,379,2/2/19,20190202,2019,2,6,9734,26816,7615,34431,77,73.274,0,TRUE,TRUE,TRUE,TRUE,FALSE,FALSE
381,380,2/1/19,20190201,2019,2,5,8709,22544,7348,29892,75,73.275,0,TRUE,TRUE,TRUE,TRUE,FALSE,FALSE
382,381,1/31/19,20190131,2019,1,4,6413,20824,8798,29622,77,73.276,0,TRUE,TRUE,TRUE,FALSE,FALSE,FALSE
383,382,1/30/19,20190130,2019,1,3,12534,16646,10489,27135,76,73.277,0,TRUE,TRUE,TRUE,FALSE,FALSE,TRUE
384,383,1/29/19,20190129,2019,1,2,8405,19018,10932,29950,73,73.278,0,TRUE,TRUE,TRUE,FALSE,FALSE,FALSE
385,384,1/28/19,20190128,2019,1,1,12345,17348,6854,24202,78,73.279,0,TRUE,TRUE,TRUE,FALSE,FALSE,TRUE
386,385,1/27/19,20190127,2019,1,0,8252,25824,6111,31935,78,73.28,0,TRUE,TRUE,TRUE,TRUE,FALSE,FALSE
387,386,1/26/19,20190126,2019,1,6,10345,10718,10776,21494,78,73.281,0,TRUE,TRUE,TRUE,FALSE,FALSE,TRUE
388,387,1/25/19,20190125,2019,1,5,9507,18393,10505,28898,76,73.282,0,TRUE,TRUE,TRUE,FALSE,FALSE,FALSE
389,388,1/24/19,20190124,2019,1,4,10350,22236,7691,29927,76,73.283,0,TRUE,TRUE,TRUE,TRUE,FALSE,TRUE
390,389,1/23/19,20190123,2019,1,3,11180,27832,8366,36198,76,73.284,0,TRUE,TRUE,TRUE,TRUE,FALSE,TRUE
391,390,1/22/19,20190122,2019,1,2,6733,20565,8452,29017,77,73.285,0,TRUE,TRUE,TRUE,FALSE,FALSE,FALSE
392,391,1/21/19,20190121,2019,1,1,10520,21984,7095,29079,76,73.286,0,TRUE,TRUE,TRUE,TRUE,FALSE,TRUE
393,392,1/20/19,20190120,2019,1,0,6030,20179,8730,28909,75,73.287,0,TRUE,TRUE,TRUE,FALSE,FALSE,FALSE
394,393,1/19/19,20190119,2019,1,6,10430,10926,7074,18000,76,73.288,0,TRUE,TRUE,TRUE,FALSE,FALSE,TRUE
395,394,1/18/19,20190118,2019,1,5,11038,17286,9266,26552,78,73.289,0,TRUE,TRUE,TRUE,FALSE,FALSE,TRUE
396,395,1/17/19,20190117,2019,1,4,6788,19468,6604,26072,78,73.29,0,TRUE,TRUE,TRUE,FALSE,FALSE,FALSE
397,396,1/16/19,20190116,2019,1,3,9698,20865,7796,28661,76,73.291,0,TRUE,TRUE,TRUE,FALSE,FALSE,FALSE
398,397,1/15/19,20190115,2019,1,2,8067,26771,8293,35064,79,73.292,0,TRUE,TRUE,TRUE,TRUE,FALSE,FALSE
399,398,1/14/19,20190114,2019,1,1,9174,18588,7747,26335,77,73.293,0,TRUE,TRUE,TRUE,FALSE,FALSE,FALSE
400,399,1/13/19,20190113,2019,1,0,7515,26157,7727,33884,75,73.294,0,TRUE,TRUE,TRUE,TRUE,FALSE,FALSE
401,400,1/12/19,20190112,2019,1,6,8038,16694,9171,25865,76,73.295,0,TRUE,TRUE,TRUE,FALSE,FALSE,FALSE
402,401,1/11/19,20190111,2019,1,5,8423,19694,8152,27846,76,73.296,0,TRUE,TRUE,TRUE,FALSE,FALSE,FALSE
403,402,1/10/19,20190110,2019,1,4,6828,13790,9432,23222,78,73.297,0,TRUE,TRUE,TRUE,FALSE,FALSE,FALSE
404,403,1/9/19,20190109,2019,1,3,11939,16315,8185,24500,79,73.298,0,TRUE,TRUE,TRUE,FALSE,FALSE,TRUE
405,404,1/8/19,20190108,2019,1,2,12194,24391,9530,33921,76,73.299,0,TRUE,TRUE,TRUE,TRUE,FALSE,TRUE
406,405,1/7/19,20190107,2019,1,1,12170,19428,8464,27892,77,73.3,0,TRUE,TRUE,TRUE,FALSE,FALSE,TRUE
407,406,1/6/19,20190106,2019,1,0,9982,25527,6562,32089,72,73.301,0,FALSE,TRUE,FALSE,TRUE,FALSE,FALSE
408,407,1/5/19,20190105,2019,1,6,13028,15888,10587,26475,74,73.302,0,FALSE,TRUE,FALSE,FALSE,FALSE,TRUE
409,408,1/4/19,20190104,2019,1,5,9136,14770,8189,22959,77,73.303,0,TRUE,TRUE,TRUE,FALSE,FALSE,FALSE
410,409,1/3/19,20190103,2019,1,4,8093,23103,7563,30666,75,73.304,0,TRUE,TRUE,TRUE,TRUE,FALSE,FALSE
411,410,1/2/19,20190102,2019,1,3,11499,22761,8180,30941,77,73.305,0,TRUE,TRUE,TRUE,TRUE,FALSE,TRUE
412,411,1/1/19,20190101,2019,1,2,9922,18897,8130,27027,77,73.306,0,TRUE,TRUE,TRUE,FALSE,FALSE,FALSE
413,412,12/31/18,20181231,2018,12,1,11752,28710,4482,33192,74,73.307,0,TRUE,TRUE,TRUE,TRUE,FALSE,TRUE
414,413,12/30/18,20181230,2018,12,0,3367,20270,6710,26980,73,73.308,0,FALSE,TRUE,FALSE,FALSE,FALSE,FALSE
415,414,12/29/18,20181229,2018,12,6,16814,13908,11759,25667,74,73.309,0,FALSE,TRUE,FALSE,FALSE,FALSE,TRUE
416,415,12/28/18,20181228,2018,12,5,10737,20268,5251,25519,74,73.31,0,FALSE,TRUE,FALSE,FALSE,FALSE,TRUE
417,416,12/27/18,20181227,2018,12,4,14694,17192,4931,22123,74,73.311,0,FALSE,TRUE,FALSE,FALSE,FALSE,TRUE
418,417,12/26/18,20181226,2018,12,3,10982,23337,9912,33249,76,73.312,0,FALSE,TRUE,FALSE,TRUE,FALSE,TRUE
419,418,12/25/18,20181225,2018,12,2,11836,18865,9974,28839,74,73.313,0,TRUE,TRUE,TRUE,FALSE,FALSE,TRUE
420,419,12/24/18,20181224,2018,12,1,7462,22034,8403,30437,74,73.314,0,TRUE,TRUE,TRUE,TRUE,FALSE,FALSE
421,420,12/23/18,20181223,2018,12,0,2063,23182,6684,29866,75,73.315,0,FALSE,TRUE,FALSE,TRUE,FALSE,FALSE
422,421,12/22/18,20181222,2018,12,6,11744,21601,5240,26841,73,73.316,0,FALSE,TRUE,FALSE,TRUE,FALSE,TRUE
423,422,12/21/18,20181221,2018,12,5,9905,29174,4251,33425,74,73.317,0,FALSE,TRUE,FALSE,TRUE,FALSE,FALSE
424,423,12/20/18,20181220,2018,12,4,12932,23072,6774,29846,75,73.318,0,FALSE,TRUE,FALSE,TRUE,FALSE,TRUE
425,424,12/19/18,20181219,2018,12,3,9926,20320,3974,24294,76,73.319,0,FALSE,TRUE,FALSE,FALSE,FALSE,FALSE
426,425,12/18/18,20181218,2018,12,2,10174,24948,4934,29882,76,73.32,0,TRUE,TRUE,TRUE,TRUE,FALSE,TRUE
427,426,12/17/18,20181217,2018,12,1,6500,30846,4265,35111,77,73.321,0,TRUE,TRUE,TRUE,TRUE,FALSE,FALSE
428,427,12/16/18,20181216,2018,12,0,9519,25443,3306,28749,74,73.322,0,TRUE,TRUE,TRUE,TRUE,TRUE,FALSE
429,428,12/15/18,20181215,2018,12,6,7900,25826,5024,30850,73,73.323,0,TRUE,TRUE,TRUE,TRUE,FALSE,FALSE
430,429,12/14/18,20181214,2018,12,5,3368,18558,7796,26354,73,73.324,0,FALSE,TRUE,TRUE,FALSE,FALSE,FALSE
431,430,12/13/18,20181213,2018,12,4,12090,24102,5949,30051,76,73.325,0,FALSE,TRUE,FALSE,TRUE,FALSE,TRUE
432,431,12/12/18,20181212,2018,12,3,12392,23156,5121,28277,75,73.326,0,TRUE,TRUE,TRUE,TRUE,FALSE,TRUE
433,432,12/11/18,20181211,2018,12,2,8075,14641,6599,21240,74,73.327,0,TRUE,TRUE,TRUE,FALSE,FALSE,FALSE
434,433,12/10/18,20181210,2018,12,1,16933,24693,8323,33016,74,73.328,0,FALSE,TRUE,FALSE,TRUE,FALSE,TRUE
435,434,12/9/18,20181209,2018,12,0,15734,26523,4160,30683,74,73.329,0,FALSE,TRUE,FALSE,TRUE,FALSE,TRUE
436,435,12/8/18,20181208,2018,12,6,2178,11888,8181,20069,74,73.33,0,FALSE,TRUE,TRUE,FALSE,FALSE,FALSE
437,436,12/7/18,20181207,2018,12,5,13864,13443,8660,22103,72,73.331,0,FALSE,TRUE,FALSE,FALSE,FALSE,TRUE
438,437,12/6/18,20181206,2018,12,4,5826,22322,7674,29996,72,73.332,0,FALSE,TRUE,FALSE,TRUE,FALSE,FALSE
439,438,12/5/18,20181205,2018,12,3,9977,23563,7220,30783,73,73.333,0,FALSE,TRUE,FALSE,TRUE,FALSE,FALSE
440,439,12/4/18,20181204,2018,12,2,12295,19845,6003,25848,72,73.334,0,FALSE,TRUE,FALSE,FALSE,FALSE,TRUE
441,440,12/3/18,20181203,2018,12,1,17365,32475,3842,36317,73,73.335,0,FALSE,TRUE,FALSE,TRUE,FALSE,TRUE
442,441,12/2/18,20181202,2018,12,0,14710,29467,3780,33247,74,73.336,0,FALSE,TRUE,FALSE,TRUE,FALSE,TRUE
443,442,12/1/18,20181201,2018,12,6,12990,24320,9146,33466,75,73.337,0,FALSE,TRUE,FALSE,TRUE,FALSE,TRUE
444,443,11/30/18,20181130,2018,11,5,8957,10618,11090,21708,74,73.338,3,FALSE,TRUE,FALSE,FALSE,FALSE,FALSE
445,444,11/29/18,20181129,2018,11,4,16404,27242,5794,33036,74,73.339,3,FALSE,TRUE,FALSE,TRUE,FALSE,TRUE
446,445,11/28/18,20181128,2018,11,3,3509,30493,5331,35824,73,73.34,3,FALSE,TRUE,FALSE,TRUE,FALSE,FALSE
447,446,11/27/18,20181127,2018,11,2,16327,24267,4926,29193,74,73.341,3,FALSE,TRUE,FALSE,TRUE,FALSE,TRUE
448,447,11/26/18,20181126,2018,11,1,13850,28673,8926,37599,75,73.342,3,FALSE,TRUE,FALSE,TRUE,FALSE,TRUE
449,448,11/25/18,20181125,2018,11,0,15743,16568,5684,22252,77,73.343,3,FALSE,TRUE,FALSE,FALSE,FALSE,TRUE
450,449,11/24/18,20181124,2018,11,6,10185,28997,8546,37543,76,73.344,3,FALSE,TRUE,FALSE,TRUE,FALSE,TRUE
451,450,11/23/18,20181123,2018,11,5,7660,20303,10184,30487,77,73.345,3,FALSE,TRUE,FALSE,FALSE,FALSE,FALSE
452,451,11/22/18,20181122,2018,11,4,12842,21114,9913,31027,69,73.346,3,FALSE,TRUE,TRUE,FALSE,FALSE,TRUE
453,452,11/21/18,20181121,2018,11,3,11470,23384,5874,29258,72,73.347,3,FALSE,TRUE,TRUE,TRUE,FALSE,TRUE
454,453,11/20/18,20181120,2018,11,2,6433,12981,9411,22392,73,73.348,3,FALSE,TRUE,TRUE,FALSE,FALSE,FALSE
455,454,11/19/18,20181119,2018,11,1,4553,9487,12109,21596,74,73.349,3,FALSE,TRUE,TRUE,FALSE,FALSE,FALSE
456,455,11/18/18,20181118,2018,11,0,2228,20634,6644,27278,72,73.35,3,FALSE,TRUE,TRUE,FALSE,FALSE,FALSE
457,456,11/17/18,20181117,2018,11,6,12488,22148,7108,29256,73,73.351,3,FALSE,TRUE,TRUE,TRUE,FALSE,TRUE
458,457,11/16/18,20181116,2018,11,5,15741,19649,6250,25899,75,73.352,3,FALSE,TRUE,TRUE,FALSE,FALSE,TRUE
459,458,11/15/18,20181115,2018,11,4,12353,26400,5910,32340,76,73.353,3,FALSE,FALSE,FALSE,TRUE,FALSE,TRUE
460,459,11/14/18,20181114,2018,11,3,15632,20880,11730,32610,77,73.354,3,FALSE,FALSE,FALSE,FALSE,FALSE,TRUE
461,460,11/13/18,20181113,2018,11,2,13787,27540,5790,33360,74,73.355,3,FALSE,FALSE,FALSE,TRUE,FALSE,TRUE
462,461,11/12/18,20181112,2018,11,1,14427,27840,5070,32910,76,73.356,3,FALSE,FALSE,FALSE,TRUE,FALSE,TRUE
463,462,11/11/18,20181111,2018,11,0,15234,29280,7290,36570,75,73.357,3,FALSE,FALSE,FALSE,TRUE,FALSE,TRUE
464,463,11/10/18,20181110,2018,11,6,11023,16446,8605,25051,75,73.358,3,FALSE,TRUE,FALSE,FALSE,FALSE,TRUE
465,464,11/9/18,20181109,2018,11,5,9968,24714,10757,35471,73,73.359,3,TRUE,TRUE,TRUE,TRUE,FALSE,FALSE
466,465,11/8/18,20181108,2018,11,4,12659,18412,7689,26101,75,73.36,3,FALSE,TRUE,FALSE,FALSE,FALSE,TRUE
467,466,11/7/18,20181107,2018,11,3,12406,16514,9078,25592,73,73.361,3,FALSE,TRUE,TRUE,FALSE,FALSE,TRUE
468,467,11/6/18,20181106,2018,11,2,11291,25980,8190,34170,74,73.362,3,FALSE,FALSE,FALSE,TRUE,FALSE,TRUE
469,468,11/5/18,20181105,2018,11,1,18864,22800,13230,36030,72,73.363,3,FALSE,FALSE,FALSE,TRUE,FALSE,TRUE
470,469,11/4/18,20181104,2018,11,0,17860,28620,7530,39750,70,73.364,3,FALSE,FALSE,FALSE,TRUE,FALSE,TRUE
471,470,11/3/18,20181103,2018,11,6,15345,14709,9293,24002,73,73.365,3,TRUE,TRUE,TRUE,FALSE,FALSE,TRUE
472,471,11/2/18,20181102,2018,11,5,11024,24000,6510,30510,68,73.366,3,FALSE,FALSE,FALSE,TRUE,FALSE,TRUE
473,472,11/1/18,20181101,2018,11,4,14855,30000,2520,32550,70,73.367,3,FALSE,FALSE,FALSE,TRUE,TRUE,TRUE
474,473,10/31/18,20181031,2018,10,3,16972,4788,13111,17899,73,73.368,3,FALSE,TRUE,FALSE,FALSE,FALSE,TRUE
475,474,10/30/18,20181030,2018,10,2,14101,23280,6990,30270,73,73.369,3,FALSE,FALSE,FALSE,TRUE,FALSE,TRUE
476,475,10/29/18,20181029,2018,10,1,16774,21721,8612,30333,73,73.37,3,FALSE,TRUE,FALSE,TRUE,FALSE,TRUE
477,476,10/28/18,20181028,2018,10,0,18575,18120,4440,22590,73,73.371,3,FALSE,FALSE,FALSE,FALSE,FALSE,TRUE
478,477,10/27/18,20181027,2018,10,6,4748,26119,6502,32621,71,73.372,3,FALSE,TRUE,TRUE,TRUE,FALSE,FALSE
479,478,10/26/18,20181026,2018,10,5,10363,14040,5280,19320,74,73.373,3,FALSE,FALSE,FALSE,FALSE,FALSE,TRUE
480,479,10/25/18,20181025,2018,10,4,12844,31680,5850,37530,72,73.374,3,FALSE,FALSE,FALSE,TRUE,FALSE,TRUE
481,480,10/24/18,20181024,2018,10,3,12325,21600,8745,30345,72,73.375,3,FALSE,TRUE,FALSE,FALSE,FALSE,TRUE
482,481,10/23/18,20181023,2018,10,2,12840,28080,-25740,2340,72,73.376,3,FALSE,FALSE,FALSE,TRUE,TRUE,TRUE
483,482,10/22/18,20181022,2018,10,1,8642,9427,6225,15652,72,73.377,3,FALSE,TRUE,TRUE,FALSE,FALSE,FALSE
484,483,10/21/18,20181021,2018,10,0,10963,22430,7066,29496,71,73.378,3,TRUE,TRUE,TRUE,TRUE,FALSE,TRUE
485,484,10/20/18,20181020,2018,10,6,9842,23880,4500,28380,72,73.379,3,FALSE,FALSE,TRUE,TRUE,FALSE,FALSE
486,485,10/19/18,20181019,2018,10,5,10105,24000,6420,30450,73,73.38,3,FALSE,FALSE,FALSE,TRUE,FALSE,TRUE
487,486,10/18/18,20181018,2018,10,4,10903,25980,2130,28110,72,73.381,3,FALSE,FALSE,FALSE,TRUE,TRUE,TRUE
488,487,10/17/18,20181017,2018,10,3,15611,19800,9630,29460,72,73.382,3,FALSE,FALSE,FALSE,FALSE,FALSE,TRUE
489,488,10/16/18,20181016,2018,10,2,14048,25478,7081,32559,73,73.383,3,FALSE,TRUE,FALSE,TRUE,FALSE,TRUE
490,489,10/15/18,20181015,2018,10,1,6979,24540,7380,31920,74,73.384,3,FALSE,FALSE,FALSE,TRUE,FALSE,FALSE
491,490,10/14/18,20181014,2018,10,0,11153,32760,6360,39120,74,73.385,3,FALSE,FALSE,FALSE,TRUE,FALSE,TRUE
492,491,10/13/18,20181013,2018,10,6,10413,26147,12342,38489,73,73.386,3,FALSE,TRUE,FALSE,TRUE,FALSE,TRUE
493,492,10/12/18,20181012,2018,10,5,7724,17220,13380,30630,73,73.387,3,FALSE,FALSE,FALSE,FALSE,FALSE,FALSE
494,493,10/11/18,20181011,2018,10,4,12223,20173,9027,29200,74,73.388,3,FALSE,TRUE,FALSE,FALSE,FALSE,TRUE
495,494,10/10/18,20181010,2018,10,3,7847,16099,10705,26804,73,73.389,3,FALSE,TRUE,FALSE,FALSE,FALSE,FALSE
496,495,10/9/18,20181009,2018,10,2,4817,28560,6840,35400,73,73.39,3,FALSE,FALSE,FALSE,TRUE,FALSE,FALSE
497,496,10/8/18,20181008,2018,10,1,6221,27157,6478,33635,72,73.391,3,FALSE,TRUE,FALSE,TRUE,FALSE,FALSE
498,497,10/7/18,20181007,2018,10,0,14099,19093,6582,25675,73,73.392,3,TRUE,TRUE,TRUE,FALSE,FALSE,TRUE
499,498,10/6/18,20181006,2018,10,6,6719,25800,19980,45810,72,73.393,3,FALSE,FALSE,FALSE,TRUE,FALSE,FALSE
500,499,10/5/18,20181005,2018,10,5,14295,26001,7788,33789,72,73.394,3,FALSE,TRUE,FALSE,TRUE,FALSE,TRUE
501,500,10/4/18,20181004,2018,10,4,5689,18578,9396,27974,71,73.395,3,FALSE,TRUE,FALSE,FALSE,FALSE,FALSE
502,501,10/3/18,20181003,2018,10,3,18420,17520,9746,27266,71,73.396,3,FALSE,TRUE,FALSE,FALSE,FALSE,TRUE
503,502,10/2/18,20181002,2018,10,2,12075,24244,12114,36358,70,73.397,3,FALSE,TRUE,FALSE,TRUE,FALSE,TRUE
504,503,10/1/18,20181001,2018,10,1,8010,18931,10355,29286,70,73.398,3,FALSE,TRUE,FALSE,FALSE,FALSE,FALSE
505,504,9/30/18,20180930,2018,9,0,13505,14077,6048,20125,76,73.399,3,FALSE,TRUE,FALSE,FALSE,FALSE,TRUE
506,505,9/29/18,20180929,2018,9,6,14902,25763,6596,32359,72,73.4,3,FALSE,TRUE,TRUE,TRUE,FALSE,TRUE
507,506,9/28/18,20180928,2018,9,5,7601,16667,10824,27491,72,73.401,3,FALSE,TRUE,FALSE,FALSE,FALSE,FALSE
508,507,9/27/18,20180927,2018,9,4,15281,24450,6783,31233,73,73.402,3,FALSE,TRUE,FALSE,TRUE,FALSE,TRUE
509,508,9/26/18,20180926,2018,9,3,9777,24122,6635,30757,73,73.403,3,FALSE,TRUE,FALSE,TRUE,FALSE,FALSE
510,509,9/25/18,20180925,2018,9,2,13040,16784,5469,22253,72,73.404,3,FALSE,TRUE,FALSE,FALSE,FALSE,TRUE
511,510,9/24/18,20180924,2018,9,1,10609,19720,10334,30054,73,73.405,3,FALSE,TRUE,FALSE,FALSE,FALSE,TRUE
512,511,9/23/18,20180923,2018,9,0,13040,21565,12255,33820,76,73.406,3,FALSE,TRUE,FALSE,FALSE,FALSE,TRUE
513,512,9/22/18,20180922,2018,9,6,21327,15407,10155,25562,75,73.407,3,FALSE,TRUE,TRUE,FALSE,FALSE,TRUE
514,513,9/21/18,20180921,2018,9,5,9983,29160,-13740,15420,74,73.408,3,FALSE,FALSE,FALSE,TRUE,TRUE,FALSE
515,514,9/20/18,20180920,2018,9,4,7317,14366,11742,26108,77,73.409,3,FALSE,TRUE,FALSE,FALSE,FALSE,FALSE
516,515,9/19/18,20180919,2018,9,3,10779,19128,8934,28062,78,73.41,3,FALSE,TRUE,FALSE,FALSE,FALSE,TRUE
517,516,9/18/18,20180918,2018,9,2,2646,21888,8759,30647,73,73.411,3,FALSE,TRUE,TRUE,TRUE,FALSE,FALSE
518,517,9/17/18,20180917,2018,9,1,6601,27379,5425,32804,76,73.412,3,FALSE,TRUE,FALSE,TRUE,FALSE,FALSE
519,518,9/16/18,20180916,2018,9,0,11598,19657,8949,28606,77,73.413,3,FALSE,TRUE,FALSE,FALSE,FALSE,TRUE
520,519,9/15/18,20180915,2018,9,6,6278,20400,-16170,4260,76,73.414,3,FALSE,FALSE,FALSE,FALSE,TRUE,FALSE
521,520,9/14/18,20180914,2018,9,5,7094,13295,11759,25054,75,73.415,3,FALSE,TRUE,FALSE,FALSE,FALSE,FALSE
522,521,9/13/18,20180913,2018,9,4,5610,34860,-10920,23940,75,73.416,3,FALSE,FALSE,FALSE,TRUE,TRUE,FALSE
523,522,9/12/18,20180912,2018,9,3,10194,25985,7077,33062,74,73.417,3,FALSE,TRUE,FALSE,TRUE,FALSE,TRUE
524,523,9/11/18,20180911,2018,9,2,16130,21060,-6570,14490,74,73.418,3,FALSE,FALSE,FALSE,FALSE,TRUE,TRUE
525,524,9/10/18,20180910,2018,9,1,11616,22474,7559,30033,76,73.419,3,FALSE,TRUE,TRUE,TRUE,FALSE,TRUE
526,525,9/9/18,20180909,2018,9,0,11200,22400,9684,32084,73,73.42,3,FALSE,TRUE,FALSE,TRUE,FALSE,TRUE
527,526,9/8/18,20180908,2018,9,6,7372,11064,13603,24667,75,73.421,3,FALSE,TRUE,FALSE,FALSE,FALSE,FALSE
528,527,9/7/18,20180907,2018,9,5,11972,22358,10327,32685,74,73.422,3,FALSE,TRUE,FALSE,TRUE,FALSE,TRUE
529,528,9/6/18,20180906,2018,9,4,10802,18216,8119,26335,76,73.423,3,FALSE,TRUE,FALSE,FALSE,FALSE,TRUE
530,529,9/5/18,20180905,2018,9,3,13423,21113,5682,26795,76,73.424,3,FALSE,TRUE,FALSE,FALSE,FALSE,TRUE
531,530,9/4/18,20180904,2018,9,2,8289,21264,7312,28576,77,73.425,3,FALSE,TRUE,FALSE,FALSE,FALSE,FALSE
532,531,9/3/18,20180903,2018,9,1,8902,19788,7360,27148,78,73.426,3,FALSE,TRUE,FALSE,FALSE,FALSE,FALSE
533,532,9/2/18,20180902,2018,9,0,9447,23316,4961,28277,78,73.427,3,FALSE,TRUE,FALSE,TRUE,FALSE,FALSE
534,533,9/1/18,20180901,2018,9,6,9425,17708,7611,25319,78,73.428,3,FALSE,TRUE,FALSE,FALSE,FALSE,FALSE
535,534,8/31/18,20180831,2018,8,5,11355,22307,6101,28408,78,73.429,2,FALSE,TRUE,TRUE,TRUE,FALSE,TRUE
536,535,8/30/18,20180830,2018,8,4,6076,16102,7668,23770,79,73.43,2,FALSE,TRUE,TRUE,FALSE,FALSE,FALSE
537,536,8/29/18,20180829,2018,8,3,14710,22151,6707,28858,77,73.431,2,FALSE,TRUE,TRUE,TRUE,FALSE,TRUE
538,537,8/28/18,20180828,2018,8,2,12456,17417,6829,24246,77,73.432,2,FALSE,TRUE,TRUE,FALSE,FALSE,TRUE
539,538,8/27/18,20180827,2018,8,1,14830,16031,9657,25688,75,73.433,2,FALSE,TRUE,TRUE,FALSE,FALSE,TRUE
540,539,8/26/18,20180826,2018,8,0,12074,31935,5830,37765,79,73.434,2,FALSE,TRUE,TRUE,TRUE,FALSE,TRUE
541,540,8/25/18,20180825,2018,8,6,12077,19110,6894,26004,79,73.435,2,FALSE,TRUE,TRUE,FALSE,FALSE,TRUE
542,541,8/24/18,20180824,2018,8,5,9637,14461,7330,21791,76,73.436,2,FALSE,TRUE,TRUE,FALSE,FALSE,FALSE
543,542,8/23/18,20180823,2018,8,4,12062,19978,7770,27748,80,73.437,2,FALSE,TRUE,TRUE,FALSE,FALSE,TRUE
544,543,8/22/18,20180822,2018,8,3,8348,19194,8737,27931,77,73.438,2,FALSE,TRUE,TRUE,FALSE,FALSE,FALSE
545,544,8/21/18,20180821,2018,8,2,7662,22515,7659,30174,74,73.439,2,TRUE,TRUE,TRUE,TRUE,FALSE,FALSE
546,545,8/20/18,20180820,2018,8,1,8732,23526,7009,30535,79,73.44,2,FALSE,TRUE,TRUE,TRUE,FALSE,FALSE
547,546,8/19/18,20180819,2018,8,0,4008,17084,9743,26827,79,73.441,2,FALSE,TRUE,TRUE,FALSE,FALSE,FALSE
548,547,8/18/18,20180818,2018,8,6,14832,22560,6960,29550,79,73.442,2,FALSE,FALSE,FALSE,TRUE,FALSE,TRUE
549,548,8/17/18,20180817,2018,8,5,16382,17100,16800,33930,78,73.443,2,FALSE,FALSE,FALSE,FALSE,FALSE,TRUE
550,549,8/16/18,20180816,2018,8,4,3317,28260,4440,32730,75,73.444,2,FALSE,FALSE,FALSE,TRUE,FALSE,FALSE
551,550,8/15/18,20180815,2018,8,3,8601,31380,4560,35940,80,73.445,2,FALSE,FALSE,FALSE,TRUE,FALSE,FALSE
552,551,8/14/18,20180814,2018,8,2,7840,25166,10087,35253,77,73.446,2,FALSE,TRUE,FALSE,TRUE,FALSE,FALSE
553,552,8/13/18,20180813,2018,8,1,8378,23243,7134,30377,78,73.447,2,FALSE,TRUE,FALSE,TRUE,FALSE,FALSE
554,553,8/12/18,20180812,2018,8,0,13751,16050,7840,23890,78,73.448,2,FALSE,TRUE,FALSE,FALSE,FALSE,TRUE
555,554,8/11/18,20180811,2018,8,6,14005,18699,6782,25481,77,73.449,2,FALSE,TRUE,FALSE,FALSE,FALSE,TRUE
556,555,8/10/18,20180810,2018,8,5,10086,17367,8533,25900,76,73.45,2,FALSE,TRUE,FALSE,FALSE,FALSE,TRUE
557,556,8/9/18,20180809,2018,8,4,9280,25848,7409,33257,76,73.451,2,FALSE,TRUE,FALSE,TRUE,FALSE,FALSE
558,557,8/8/18,20180808,2018,8,3,9433,9771,8863,18634,75,73.452,2,FALSE,TRUE,FALSE,FALSE,FALSE,FALSE
559,558,8/7/18,20180807,2018,8,2,6512,19196,7233,26429,75,73.453,2,FALSE,TRUE,FALSE,FALSE,FALSE,FALSE
560,559,8/6/18,20180806,2018,8,1,6657,24194,5874,30068,76,73.454,2,FALSE,TRUE,FALSE,TRUE,FALSE,FALSE
561,560,8/5/18,20180805,2018,8,0,9022,34472,7442,41914,75,73.455,2,FALSE,TRUE,FALSE,TRUE,FALSE,FALSE
562,561,8/4/18,20180804,2018,8,6,10405,15905,8590,24495,76,73.456,2,FALSE,TRUE,FALSE,FALSE,FALSE,TRUE
563,562,8/3/18,20180803,2018,8,5,7077,24401,12967,37368,76,73.457,2,FALSE,TRUE,FALSE,TRUE,FALSE,FALSE
564,563,8/2/18,20180802,2018,8,4,7380,19774,10262,30036,75,73.458,2,FALSE,TRUE,FALSE,FALSE,FALSE,FALSE
565,564,8/1/18,20180801,2018,8,3,7794,15271,5701,20972,75,73.459,2,FALSE,TRUE,FALSE,FALSE,FALSE,FALSE
566,565,7/31/18,20180731,2018,7,2,10491,25000,9409,34409,76,73.46,2,FALSE,TRUE,FALSE,TRUE,FALSE,TRUE
567,566,7/30/18,20180730,2018,7,1,9317,32129,7954,40083,77,73.461,2,FALSE,TRUE,FALSE,TRUE,FALSE,FALSE
568,567,7/29/18,20180729,2018,7,0,4639,18782,8355,27137,77,73.462,2,FALSE,TRUE,FALSE,FALSE,FALSE,FALSE
569,568,7/28/18,20180728,2018,7,6,7172,14408,8712,23120,74,73.463,2,TRUE,TRUE,TRUE,FALSE,FALSE,FALSE
570,569,7/27/18,20180727,2018,7,5,11677,26181,9987,36168,75,73.464,2,FALSE,TRUE,FALSE,TRUE,FALSE,TRUE
571,570,7/26/18,20180726,2018,7,4,9980,15488,8195,23683,74,73.465,2,FALSE,TRUE,FALSE,FALSE,FALSE,FALSE
572,571,7/25/18,20180725,2018,7,3,9583,19090,6710,25800,73,73.466,2,FALSE,TRUE,FALSE,FALSE,FALSE,FALSE
573,572,7/24/18,20180724,2018,7,2,11358,20438,9302,29740,73,73.467,2,FALSE,TRUE,FALSE,FALSE,FALSE,TRUE
574,573,7/23/18,20180723,2018,7,1,8225,31718,7611,39329,75,73.468,2,TRUE,TRUE,TRUE,TRUE,FALSE,FALSE
575,574,7/22/18,20180722,2018,7,0,7779,30971,5330,36301,75,73.469,2,TRUE,TRUE,TRUE,TRUE,FALSE,FALSE
576,575,7/21/18,20180721,2018,7,6,9472,21530,7088,28618,74,73.47,2,FALSE,TRUE,FALSE,FALSE,FALSE,FALSE
577,576,7/20/18,20180720,2018,7,5,13669,12596,10400,22996,74,73.471,2,FALSE,TRUE,FALSE,FALSE,FALSE,TRUE
578,577,7/19/18,20180719,2018,7,4,12208,24518,9781,34299,72,73.472,2,FALSE,TRUE,FALSE,TRUE,FALSE,TRUE
579,578,7/18/18,20180718,2018,7,3,9397,22554,6337,28891,74,73.473,2,FALSE,TRUE,FALSE,TRUE,FALSE,FALSE
580,579,7/17/18,20180717,2018,7,2,12075,20752,8969,29721,72,73.474,2,FALSE,TRUE,FALSE,FALSE,FALSE,TRUE
581,580,7/16/18,20180716,2018,7,1,1419,30309,6238,36547,74,73.475,2,FALSE,TRUE,FALSE,TRUE,FALSE,FALSE
582,581,7/15/18,20180715,2018,7,0,3184,19180,6405,25585,77,73.476,2,FALSE,TRUE,TRUE,FALSE,FALSE,FALSE
583,582,7/14/18,20180714,2018,7,6,5559,17708,7554,25262,74,73.477,2,FALSE,TRUE,FALSE,FALSE,FALSE,FALSE
584,583,7/13/18,20180713,2018,7,5,12735,22418,7669,30087,73,73.478,2,FALSE,TRUE,FALSE,TRUE,FALSE,TRUE
585,584,7/12/18,20180712,2018,7,4,9922,27002,7066,34068,75,73.479,2,FALSE,TRUE,TRUE,TRUE,FALSE,FALSE
586,585,7/11/18,20180711,2018,7,3,10939,19372,6957,26329,73,73.48,2,FALSE,TRUE,TRUE,FALSE,FALSE,TRUE
587,586,7/10/18,20180710,2018,7,2,6985,24096,5839,29935,75,73.481,2,FALSE,TRUE,TRUE,TRUE,FALSE,FALSE
588,587,7/9/18,20180709,2018,7,1,10072,29157,8857,38014,75,73.482,2,FALSE,TRUE,TRUE,TRUE,FALSE,TRUE
589,588,7/8/18,20180708,2018,7,0,8413,18396,6014,24410,75,73.483,2,FALSE,TRUE,TRUE,FALSE,FALSE,FALSE
590,589,7/7/18,20180707,2018,7,6,10482,14356,8234,22590,75,73.484,2,FALSE,TRUE,TRUE,FALSE,FALSE,TRUE
591,590,7/6/18,20180706,2018,7,5,9073,26984,9011,35995,71,73.485,2,FALSE,TRUE,TRUE,TRUE,FALSE,FALSE
592,591,7/5/18,20180705,2018,7,4,8281,18541,6708,25249,74,73.486,2,FALSE,TRUE,TRUE,FALSE,FALSE,FALSE
593,592,7/4/18,20180704,2018,7,3,10205,20473,6209,26682,72,73.487,2,FALSE,TRUE,TRUE,FALSE,FALSE,TRUE
594,593,7/3/18,20180703,2018,7,2,9907,27798,8429,36227,77,73.488,2,FALSE,TRUE,TRUE,TRUE,FALSE,FALSE
595,594,7/2/18,20180702,2018,7,1,6061,15658,10490,26148,77,73.489,2,FALSE,TRUE,TRUE,FALSE,FALSE,FALSE
596,595,7/1/18,20180701,2018,7,0,6345,20952,10401,31353,73,73.49,2,FALSE,TRUE,TRUE,FALSE,FALSE,FALSE
597,596,6/30/18,20180630,2018,6,6,7261,21751,7721,29472,72,73.491,2,FALSE,TRUE,FALSE,TRUE,FALSE,FALSE
598,597,6/29/18,20180629,2018,6,5,14665,26833,12432,39265,72,73.492,2,FALSE,TRUE,FALSE,TRUE,FALSE,TRUE
599,598,6/28/18,20180628,2018,6,4,15774,23460,6540,30030,71,73.493,2,FALSE,FALSE,FALSE,TRUE,FALSE,TRUE
600,599,6/27/18,20180627,2018,6,3,15223,27723,8652,36375,74,73.494,2,FALSE,TRUE,FALSE,TRUE,FALSE,TRUE
601,600,6/26/18,20180626,2018,6,2,7170,14685,10337,25022,75,73.495,2,FALSE,TRUE,FALSE,FALSE,FALSE,FALSE
602,601,6/25/18,20180625,2018,6,1,8664,17437,14278,31715,77,73.496,2,FALSE,TRUE,FALSE,FALSE,FALSE,FALSE
603,602,6/24/18,20180624,2018,6,0,10566,21720,4350,26070,77,73.497,2,FALSE,FALSE,FALSE,TRUE,FALSE,TRUE
604,603,6/23/18,20180623,2018,6,6,13785,12970,15407,28377,78,73.498,2,FALSE,TRUE,FALSE,FALSE,FALSE,TRUE
605,604,6/22/18,20180622,2018,6,5,8914,8293,13573,21866,77,73.499,2,FALSE,TRUE,FALSE,FALSE,FALSE,FALSE
606,605,6/21/18,20180621,2018,6,4,16781,34749,6664,41413,74,73.5,2,FALSE,TRUE,TRUE,TRUE,FALSE,TRUE
607,606,6/20/18,20180620,2018,6,3,12103,17112,10589,27701,80,73.501,2,TRUE,TRUE,TRUE,FALSE,FALSE,TRUE
608,607,6/19/18,20180619,2018,6,2,8833,23023,9069,32092,75,73.502,2,FALSE,TRUE,TRUE,TRUE,FALSE,FALSE
609,608,6/18/18,20180618,2018,6,1,8582,22601,8789,31390,78,73.503,2,TRUE,TRUE,TRUE,TRUE,FALSE,FALSE
610,609,6/17/18,20180617,2018,6,0,9593,15394,5388,20782,77,73.504,2,TRUE,TRUE,TRUE,FALSE,FALSE,FALSE
611,610,6/16/18,20180616,2018,6,6,13266,17772,11237,29009,75,73.505,2,TRUE,TRUE,TRUE,FALSE,FALSE,TRUE
612,611,6/15/18,20180615,2018,6,5,8698,7565,8231,15796,77,73.506,2,FALSE,TRUE,FALSE,FALSE,FALSE,FALSE
613,612,6/14/18,20180614,2018,6,4,2265,30712,7871,38583,74,73.507,2,FALSE,TRUE,TRUE,TRUE,FALSE,FALSE
614,613,6/13/18,20180613,2018,6,3,9412,17598,7511,25109,76,73.508,2,FALSE,TRUE,FALSE,FALSE,FALSE,FALSE
615,614,6/12/18,20180612,2018,6,2,15163,22798,6455,29253,77,73.509,2,FALSE,TRUE,FALSE,TRUE,FALSE,TRUE
616,615,6/11/18,20180611,2018,6,1,9149,27378,7880,35258,76,73.51,2,TRUE,TRUE,TRUE,TRUE,FALSE,FALSE
617,616,6/10/18,20180610,2018,6,0,9512,14724,11120,25844,78,73.511,2,TRUE,TRUE,TRUE,FALSE,FALSE,FALSE
618,617,6/9/18,20180609,2018,6,6,9842,11983,10336,22319,74,73.512,2,FALSE,TRUE,TRUE,FALSE,FALSE,FALSE
619,618,6/8/18,20180608,2018,6,5,10678,25361,12025,37386,76,73.513,2,FALSE,TRUE,FALSE,TRUE,FALSE,TRUE
620,619,6/7/18,20180607,2018,6,4,17206,24014,6825,30839,76,73.514,2,FALSE,TRUE,FALSE,TRUE,FALSE,TRUE
621,620,6/6/18,20180606,2018,6,3,5847,11351,11402,22753,75,73.515,2,FALSE,TRUE,FALSE,FALSE,FALSE,FALSE
622,621,6/5/18,20180605,2018,6,2,9309,18761,8271,27032,75,73.516,2,FALSE,TRUE,FALSE,FALSE,FALSE,FALSE
623,622,6/4/18,20180604,2018,6,1,11394,11079,8121,19200,75,73.517,2,TRUE,TRUE,TRUE,FALSE,FALSE,TRUE
624,623,6/3/18,20180603,2018,6,0,3087,26279,10329,36608,77,73.518,2,FALSE,TRUE,TRUE,TRUE,FALSE,FALSE
625,624,6/2/18,20180602,2018,6,6,15705,25320,8490,33810,75,73.519,2,FALSE,FALSE,FALSE,TRUE,FALSE,TRUE
626,625,6/1/18,20180601,2018,6,5,13240,17026,8226,25252,75,73.52,2,FALSE,TRUE,FALSE,FALSE,FALSE,TRUE
627,626,5/31/18,20180531,2018,5,4,23192,3780,75000,78810,73,73.521,1,FALSE,FALSE,TRUE,FALSE,FALSE,TRUE
628,627,5/30/18,20180530,2018,5,3,12349,26940,4350,31320,74,73.522,1,FALSE,FALSE,FALSE,TRUE,FALSE,TRUE
629,628,5/29/18,20180529,2018,5,2,21181,7380,25920,33330,76,73.523,1,FALSE,FALSE,FALSE,FALSE,FALSE,TRUE
630,629,5/28/18,20180528,2018,5,1,7785,24297,8098,32395,78,73.524,1,FALSE,TRUE,FALSE,TRUE,FALSE,FALSE
631,630,5/27/18,20180527,2018,5,0,10165,17446,9826,27272,76,73.525,1,FALSE,TRUE,TRUE,FALSE,FALSE,TRUE
632,631,5/26/18,20180526,2018,5,6,15108,18254,6878,25132,77,73.526,1,FALSE,TRUE,FALSE,FALSE,FALSE,TRUE
633,632,5/25/18,20180525,2018,5,5,10473,16912,7497,24409,75,73.527,1,TRUE,TRUE,TRUE,FALSE,FALSE,TRUE
634,633,5/24/18,20180524,2018,5,4,11634,21293,9547,30840,75,73.528,1,TRUE,TRUE,TRUE,FALSE,FALSE,TRUE
635,634,5/23/18,20180523,2018,5,3,8475,14175,9507,23682,71,73.529,1,TRUE,TRUE,TRUE,FALSE,FALSE,FALSE
636,635,5/22/18,20180522,2018,5,2,10433,22044,7019,29063,71,73.53,1,TRUE,TRUE,TRUE,TRUE,FALSE,TRUE
637,636,5/21/18,20180521,2018,5,1,13211,22146,9543,31689,76,73.531,1,FALSE,TRUE,TRUE,TRUE,FALSE,TRUE
638,637,5/20/18,20180520,2018,5,0,1386,22573,6123,28696,76,73.532,1,FALSE,TRUE,TRUE,TRUE,FALSE,FALSE
639,638,5/19/18,20180519,2018,5,6,13933,17165,11611,28776,77,73.533,1,FALSE,TRUE,FALSE,FALSE,FALSE,TRUE
640,639,5/18/18,20180518,2018,5,5,10637,18059,9656,27715,75,73.534,1,TRUE,TRUE,TRUE,FALSE,FALSE,TRUE
641,640,5/17/18,20180517,2018,5,4,12413,8635,13020,21655,75,73.535,1,TRUE,TRUE,TRUE,FALSE,FALSE,TRUE
642,641,5/16/18,20180516,2018,5,3,12430,14945,8028,22973,74,73.536,1,FALSE,TRUE,TRUE,FALSE,FALSE,TRUE
643,642,5/15/18,20180515,2018,5,2,14704,22260,19140,41400,76,73.537,1,FALSE,FALSE,FALSE,TRUE,FALSE,TRUE
644,643,5/14/18,20180514,2018,5,1,11414,18931,5924,24855,75,73.538,1,FALSE,TRUE,FALSE,FALSE,FALSE,TRUE
645,644,5/13/18,20180513,2018,5,0,14547,33480,10230,43710,74,73.539,1,FALSE,FALSE,FALSE,TRUE,FALSE,TRUE
646,645,5/12/18,20180512,2018,5,6,13752,12000,18660,30690,76,73.54,1,FALSE,FALSE,FALSE,FALSE,FALSE,TRUE
647,646,5/11/18,20180511,2018,5,5,16632,18180,16290,34470,77,73.541,1,FALSE,FALSE,FALSE,FALSE,FALSE,TRUE
648,647,5/10/18,20180510,2018,5,4,13610,20160,17280,37440,75,73.542,1,FALSE,FALSE,FALSE,FALSE,FALSE,TRUE
649,648,5/9/18,20180509,2018,5,3,15395,24660,9960,34650,73,73.543,1,FALSE,FALSE,FALSE,TRUE,FALSE,TRUE
650,649,5/8/18,20180508,2018,5,2,19038,30720,10200,40920,72,73.544,1,FALSE,FALSE,FALSE,TRUE,FALSE,TRUE
651,650,5/7/18,20180507,2018,5,1,10218,30420,10890,41310,71,73.545,1,FALSE,FALSE,FALSE,TRUE,FALSE,TRUE
652,651,5/6/18,20180506,2018,5,0,15982,25380,11820,37230,72,73.546,1,FALSE,FALSE,FALSE,TRUE,FALSE,TRUE
653,652,5/5/18,20180505,2018,5,6,9453,21096,11100,32196,74,73.547,1,FALSE,TRUE,FALSE,FALSE,FALSE,FALSE
654,653,5/4/18,20180504,2018,5,5,10067,16717,6966,23683,74,73.548,1,TRUE,TRUE,TRUE,FALSE,FALSE,TRUE
655,654,5/3/18,20180503,2018,5,4,14880,13880,11638,25518,73,73.549,1,TRUE,TRUE,TRUE,FALSE,FALSE,TRUE
656,655,5/2/18,20180502,2018,5,3,15779,27196,8054,35250,76,73.55,1,TRUE,TRUE,TRUE,TRUE,FALSE,TRUE
657,656,5/1/18,20180501,2018,5,2,10502,16694,5746,22440,74,73.551,1,TRUE,TRUE,TRUE,FALSE,FALSE,TRUE
658,657,4/30/18,20180430,2018,4,1,12103,2841,16521,19362,75,73.552,1,TRUE,TRUE,TRUE,FALSE,FALSE,TRUE
659,658,4/29/18,20180429,2018,4,0,10888,23524,7137,30661,76,73.553,1,TRUE,TRUE,TRUE,TRUE,FALSE,TRUE
660,659,4/28/18,20180428,2018,4,6,11986,18580,7478,26058,73,73.554,1,TRUE,TRUE,TRUE,FALSE,FALSE,TRUE
661,660,4/27/18,20180427,2018,4,5,14346,19296,7722,27018,72,73.555,1,TRUE,TRUE,TRUE,FALSE,FALSE,TRUE
662,661,4/26/18,20180426,2018,4,4,10921,32474,7457,39931,74,73.556,1,TRUE,TRUE,TRUE,TRUE,FALSE,TRUE
663,662,4/25/18,20180425,2018,4,3,11388,19548,10003,29551,71,73.557,1,TRUE,TRUE,TRUE,FALSE,FALSE,TRUE
664,663,4/24/18,20180424,2018,4,2,12133,24571,8808,33379,72,73.558,1,TRUE,TRUE,TRUE,TRUE,FALSE,TRUE
665,664,4/23/18,20180423,2018,4,1,10707,29099,6535,35634,74,73.559,1,TRUE,TRUE,TRUE,TRUE,FALSE,TRUE
666,665,4/22/18,20180422,2018,4,0,7056,21179,7835,29014,76,73.56,1,TRUE,TRUE,TRUE,FALSE,FALSE,FALSE
667,666,4/21/18,20180421,2018,4,6,11821,20424,9575,29999,74,73.561,1,TRUE,TRUE,TRUE,FALSE,FALSE,TRUE
668,667,4/20/18,20180420,2018,4,5,5296,20002,8740,28742,74,73.562,1,TRUE,TRUE,TRUE,FALSE,FALSE,FALSE
669,668,4/19/18,20180419,2018,4,4,10278,21548,9529,31077,71,73.563,1,TRUE,TRUE,TRUE,FALSE,FALSE,TRUE
670,669,4/18/18,20180418,2018,4,3,8109,29263,7832,37095,73,73.564,1,TRUE,TRUE,TRUE,TRUE,FALSE,FALSE
671,670,4/17/18,20180417,2018,4,2,9241,23993,6549,30542,76,73.565,1,TRUE,TRUE,TRUE,TRUE,FALSE,FALSE
672,671,4/16/18,20180416,2018,4,1,9844,17099,7145,24244,73,73.566,1,FALSE,TRUE,TRUE,FALSE,FALSE,FALSE
673,672,4/15/18,20180415,2018,4,0,10752,27061,6507,33568,75,73.567,1,TRUE,TRUE,TRUE,TRUE,FALSE,TRUE
674,673,4/14/18,20180414,2018,4,6,8155,26423,7852,34275,70,73.568,1,TRUE,TRUE,TRUE,TRUE,FALSE,FALSE
675,674,4/13/18,20180413,2018,4,5,8840,15714,9802,25516,74,73.569,1,TRUE,TRUE,TRUE,FALSE,FALSE,FALSE
676,675,4/12/18,20180412,2018,4,4,10859,16366,6635,23001,76,73.57,1,TRUE,TRUE,TRUE,FALSE,FALSE,TRUE
677,676,4/11/18,20180411,2018,4,3,8749,10873,12068,22941,72,73.571,1,TRUE,TRUE,TRUE,FALSE,FALSE,FALSE
678,677,4/10/18,20180410,2018,4,2,9262,20430,7609,28039,73,73.572,1,TRUE,TRUE,TRUE,FALSE,FALSE,FALSE
679,678,4/9/18,20180409,2018,4,1,8874,22889,6936,29825,70,73.573,1,TRUE,TRUE,TRUE,TRUE,FALSE,FALSE
680,679,4/8/18,20180408,2018,4,0,9943,27360,2460,29850,73,73.574,1,FALSE,FALSE,FALSE,TRUE,TRUE,FALSE
681,680,4/7/18,20180407,2018,4,6,10969,19620,6630,26250,74,73.575,1,FALSE,FALSE,FALSE,FALSE,FALSE,TRUE
682,681,4/6/18,20180406,2018,4,5,12932,15586,10574,26160,72,73.576,1,FALSE,TRUE,FALSE,FALSE,FALSE,TRUE
683,682,4/5/18,20180405,2018,4,4,7680,25753,8928,34681,72,73.577,1,FALSE,TRUE,FALSE,TRUE,FALSE,FALSE
684,683,4/4/18,20180404,2018,4,3,8174,16318,8068,24386,71,73.578,1,FALSE,TRUE,FALSE,FALSE,FALSE,FALSE
685,684,4/3/18,20180403,2018,4,2,9318,15099,9505,24604,71,73.579,1,FALSE,TRUE,FALSE,FALSE,FALSE,FALSE
686,685,4/2/18,20180402,2018,4,1,6781,18780,420,19230,72,73.58,1,FALSE,FALSE,FALSE,FALSE,TRUE,FALSE
687,686,4/1/18,20180401,2018,4,0,8849,24124,7414,31538,73,73.581,1,FALSE,TRUE,FALSE,TRUE,FALSE,FALSE
688,687,3/31/18,20180331,2018,3,6,12816,20920,11407,32327,74,73.582,1,FALSE,TRUE,TRUE,FALSE,FALSE,TRUE
689,688,3/30/18,20180330,2018,3,5,9386,23948,10349,34297,74,73.583,1,FALSE,TRUE,FALSE,TRUE,FALSE,FALSE
690,689,3/29/18,20180329,2018,3,4,12409,11825,14700,26525,75,73.584,1,FALSE,TRUE,FALSE,FALSE,FALSE,TRUE
691,690,3/28/18,20180328,2018,3,3,12584,25433,12918,38351,74,73.585,1,FALSE,TRUE,FALSE,TRUE,FALSE,TRUE
692,691,3/27/18,20180327,2018,3,2,5978,23518,7087,30605,75,73.586,1,FALSE,TRUE,FALSE,TRUE,FALSE,FALSE
693,692,3/26/18,20180326,2018,3,1,17018,23640,7350,30990,75,73.587,1,FALSE,FALSE,FALSE,TRUE,FALSE,TRUE
694,693,3/25/18,20180325,2018,3,0,6596,10237,9179,19416,77,73.588,1,FALSE,TRUE,FALSE,FALSE,FALSE,FALSE
695,694,3/24/18,20180324,2018,3,6,10680,20542,12669,33211,76,73.589,1,TRUE,TRUE,TRUE,FALSE,FALSE,TRUE
696,695,3/23/18,20180323,2018,3,5,10504,17385,14507,31892,76,73.59,1,TRUE,TRUE,TRUE,FALSE,FALSE,TRUE
697,696,3/22/18,20180322,2018,3,4,10246,11498,12557,24055,76,73.591,1,TRUE,TRUE,TRUE,FALSE,FALSE,TRUE
698,697,3/21/18,20180321,2018,3,3,9680,22744,7548,30292,77,73.592,1,FALSE,TRUE,TRUE,TRUE,FALSE,FALSE
699,698,3/20/18,20180320,2018,3,2,8632,12308,6816,19124,77,73.593,1,TRUE,TRUE,TRUE,FALSE,FALSE,FALSE
700,699,3/19/18,20180319,2018,3,1,10008,25559,6918,32477,75,73.594,1,TRUE,TRUE,TRUE,TRUE,FALSE,TRUE
701,700,3/18/18,20180318,2018,3,0,9769,19223,7004,26227,76,73.595,1,FALSE,TRUE,TRUE,FALSE,FALSE,FALSE
702,701,3/17/18,20180317,2018,3,6,14820,18360,10260,28620,78,73.596,1,FALSE,FALSE,FALSE,FALSE,FALSE,TRUE
703,702,3/16/18,20180316,2018,3,5,13386,20530,9347,29877,74,73.597,1,FALSE,TRUE,TRUE,FALSE,FALSE,TRUE
704,703,3/15/18,20180315,2018,3,4,11040,21840,6330,28200,79,73.598,1,FALSE,FALSE,FALSE,TRUE,FALSE,TRUE
705,704,3/14/18,20180314,2018,3,3,14993,24600,4620,29220,78,73.599,1,FALSE,FALSE,FALSE,TRUE,FALSE,TRUE
706,705,3/13/18,20180313,2018,3,2,15079,24720,6510,31260,77,73.6,1,FALSE,FALSE,FALSE,TRUE,FALSE,TRUE
707,706,3/12/18,20180312,2018,3,1,10666,21996,8751,30747,77,73.601,1,FALSE,TRUE,FALSE,TRUE,FALSE,TRUE
708,707,3/11/18,20180311,2018,3,0,18187,39600,-1260,38370,78,73.602,1,FALSE,FALSE,FALSE,TRUE,TRUE,TRUE
709,708,3/10/18,20180310,2018,3,6,5860,22552,11694,34246,75,73.603,1,FALSE,TRUE,FALSE,TRUE,FALSE,FALSE
710,709,3/9/18,20180309,2018,3,5,10330,22317,9442,31759,76,73.604,1,TRUE,TRUE,TRUE,TRUE,FALSE,TRUE
711,710,3/8/18,20180308,2018,3,4,10220,11710,11992,23702,75,73.605,1,TRUE,TRUE,TRUE,FALSE,FALSE,TRUE
712,711,3/7/18,20180307,2018,3,3,9308,8721,9087,17808,79,73.606,1,TRUE,TRUE,TRUE,FALSE,FALSE,FALSE
713,712,3/6/18,20180306,2018,3,2,5540,11292,13250,24542,77,73.607,1,TRUE,TRUE,TRUE,FALSE,FALSE,FALSE
714,713,3/5/18,20180305,2018,3,1,15117,22109,6764,28873,75,73.608,1,TRUE,TRUE,TRUE,TRUE,FALSE,TRUE
715,714,3/4/18,20180304,2018,3,0,8248,12037,7962,19999,75,73.609,1,TRUE,TRUE,TRUE,FALSE,FALSE,FALSE
716,715,3/3/18,20180303,2018,3,6,14376,19790,8061,27851,74,73.61,1,TRUE,TRUE,TRUE,FALSE,FALSE,TRUE
717,716,3/2/18,20180302,2018,3,5,6389,19470,7961,27431,77,73.611,1,FALSE,TRUE,TRUE,FALSE,FALSE,FALSE
718,717,3/1/18,20180301,2018,3,4,8863,25246,10453,35699,74,73.612,1,TRUE,TRUE,TRUE,TRUE,FALSE,FALSE
719,718,2/28/18,20180228,2018,2,3,10975,16096,9373,25469,80,73.613,0,TRUE,TRUE,TRUE,FALSE,FALSE,TRUE
720,719,2/27/18,20180227,2018,2,2,11645,18408,9827,28235,77,73.614,0,FALSE,TRUE,TRUE,FALSE,FALSE,TRUE
721,720,2/26/18,20180226,2018,2,1,11777,23982,6078,30060,74,73.615,0,FALSE,TRUE,FALSE,TRUE,FALSE,TRUE
722,721,2/25/18,20180225,2018,2,0,10189,17676,7138,24814,73,73.616,0,FALSE,TRUE,FALSE,FALSE,FALSE,TRUE
723,722,2/24/18,20180224,2018,2,6,14704,28980,2370,31380,72,73.617,0,FALSE,FALSE,FALSE,TRUE,TRUE,TRUE
724,723,2/23/18,20180223,2018,2,5,12992,26640,4050,30690,74,73.618,0,FALSE,FALSE,FALSE,TRUE,FALSE,TRUE
725,724,2/22/18,20180222,2018,2,4,13225,23340,6420,29790,73,73.619,0,FALSE,FALSE,FALSE,TRUE,FALSE,TRUE
726,725,2/21/18,20180221,2018,2,3,16059,23820,3600,27420,73,73.62,0,FALSE,FALSE,FALSE,TRUE,TRUE,TRUE
727,726,2/20/18,20180220,2018,2,2,10162,23700,6120,29850,72,73.621,0,FALSE,FALSE,FALSE,TRUE,FALSE,TRUE
728,727,2/19/18,20180219,2018,2,1,14082,28020,7830,35850,75,73.622,0,FALSE,FALSE,FALSE,TRUE,FALSE,TRUE
729,728,2/18/18,20180218,2018,2,0,10779,20361,5980,26341,75,73.623,0,FALSE,TRUE,FALSE,FALSE,FALSE,TRUE
730,729,2/17/18,20180217,2018,2,6,13404,11939,9516,21455,76,73.624,0,TRUE,TRUE,TRUE,FALSE,FALSE,TRUE
731,730,2/16/18,20180216,2018,2,5,4659,19559,7375,26934,76,73.625,0,TRUE,TRUE,TRUE,FALSE,FALSE,FALSE
732,731,2/15/18,20180215,2018,2,4,6934,20054,9369,29423,76,73.626,0,TRUE,TRUE,TRUE,FALSE,FALSE,FALSE
733,732,2/14/18,20180214,2018,2,3,5862,19020,10620,29670,74,73.627,0,FALSE,FALSE,FALSE,FALSE,FALSE,FALSE
734,733,2/13/18,20180213,2018,2,2,7668,22980,7800,30780,76,73.628,0,FALSE,FALSE,FALSE,TRUE,FALSE,FALSE
735,734,2/12/18,20180212,2018,2,1,3845,28380,8610,36990,78,73.629,0,FALSE,FALSE,FALSE,TRUE,FALSE,FALSE
736,735,2/11/18,20180211,2018,2,0,13846,19437,8647,28084,79,73.63,0,FALSE,TRUE,FALSE,FALSE,FALSE,TRUE
737,736,2/10/18,20180210,2018,2,6,15148,22920,7440,30390,78,73.631,0,FALSE,FALSE,FALSE,TRUE,FALSE,TRUE
738,737,2/9/18,20180209,2018,2,5,13474,18600,8880,27480,75,73.632,0,FALSE,FALSE,FALSE,FALSE,FALSE,TRUE
739,738,2/8/18,20180208,2018,2,4,12505,19140,4740,23880,72,73.633,0,FALSE,FALSE,FALSE,FALSE,FALSE,TRUE
740,739,2/7/18,20180207,2018,2,3,9918,26880,4470,31380,75,73.634,0,FALSE,FALSE,FALSE,TRUE,FALSE,FALSE
741,740,2/6/18,20180206,2018,2,2,11932,15407,7293,22700,74,73.635,0,FALSE,TRUE,FALSE,FALSE,FALSE,TRUE
742,741,2/5/18,20180205,2018,2,1,11836,27148,8698,35846,78,73.636,0,TRUE,TRUE,TRUE,TRUE,FALSE,TRUE
743,742,2/4/18,20180204,2018,2,0,8920,17191,7688,24879,76,73.637,0,TRUE,TRUE,TRUE,FALSE,FALSE,FALSE
744,743,2/3/18,20180203,2018,2,6,7211,19650,10155,29805,78,73.638,0,TRUE,TRUE,TRUE,FALSE,FALSE,FALSE
745,744,2/2/18,20180202,2018,2,5,11170,15961,7801,23762,75,73.639,0,TRUE,TRUE,TRUE,FALSE,FALSE,TRUE
746,745,2/1/18,20180201,2018,2,4,1711,16440,12720,29190,74,73.64,0,FALSE,FALSE,FALSE,FALSE,FALSE,FALSE
747,746,1/31/18,20180131,2018,1,3,10768,14334,11639,25973,75,73.641,0,FALSE,TRUE,FALSE,FALSE,FALSE,TRUE
748,747,1/30/18,20180130,2018,1,2,1663,38160,1980,40140,75,73.642,0,FALSE,FALSE,FALSE,TRUE,TRUE,FALSE
749,748,1/29/18,20180129,2018,1,1,13733,26576,6205,32781,77,73.643,0,FALSE,TRUE,FALSE,TRUE,FALSE,TRUE
750,749,1/28/18,20180128,2018,1,0,7250,30960,4440,35430,77,73.644,0,FALSE,FALSE,FALSE,TRUE,FALSE,FALSE
751,750,1/27/18,20180127,2018,1,6,5890,34560,1260,35850,76,73.645,0,FALSE,FALSE,FALSE,TRUE,TRUE,FALSE
752,751,1/26/18,20180126,2018,1,5,9111,24780,5580,30390,77,73.646,0,FALSE,FALSE,FALSE,TRUE,FALSE,FALSE
753,752,1/25/18,20180125,2018,1,4,7904,29040,0,29040,76,73.647,0,FALSE,FALSE,FALSE,TRUE,TRUE,FALSE
754,753,1/24/18,20180124,2018,1,3,10852,20829,8747,29576,73,73.648,0,FALSE,TRUE,FALSE,FALSE,FALSE,TRUE
755,754,1/23/18,20180123,2018,1,2,1199,33720,-1740,31980,73,73.649,0,FALSE,FALSE,FALSE,TRUE,TRUE,FALSE
756,755,1/22/18,20180122,2018,1,1,11258,29040,1290,30360,75,73.65,0,FALSE,FALSE,FALSE,TRUE,TRUE,TRUE
757,756,1/21/18,20180121,2018,1,0,16301,31260,3600,34860,77,73.651,0,FALSE,FALSE,FALSE,TRUE,TRUE,TRUE
758,757,1/20/18,20180120,2018,1,6,7296,33300,2880,36210,78,73.652,0,FALSE,FALSE,FALSE,TRUE,TRUE,FALSE
759,758,1/19/18,20180119,2018,1,5,9244,19920,8820,28770,76,73.653,0,FALSE,FALSE,FALSE,FALSE,FALSE,FALSE
760,759,1/18/18,20180118,2018,1,4,11785,19200,9540,28770,79,73.654,0,FALSE,FALSE,FALSE,FALSE,FALSE,TRUE
761,760,1/17/18,20180117,2018,1,3,11960,18000,11280,29310,79,73.655,0,FALSE,FALSE,FALSE,FALSE,FALSE,TRUE
762,761,1/16/18,20180116,2018,1,2,11066,4620,48120,52740,77,73.656,0,FALSE,FALSE,FALSE,FALSE,FALSE,TRUE
763,762,1/15/18,20180115,2018,1,1,5740,29983,9248,39231,75,73.657,0,FALSE,TRUE,TRUE,TRUE,FALSE,FALSE
764,763,1/14/18,20180114,2018,1,0,1136,29280,3420,32730,77,73.658,0,FALSE,FALSE,FALSE,TRUE,TRUE,FALSE
765,764,1/13/18,20180113,2018,1,6,8956,21240,840,22080,78,73.659,0,FALSE,FALSE,FALSE,FALSE,TRUE,FALSE
766,765,1/12/18,20180112,2018,1,5,12645,17160,4500,21660,76,73.66,0,FALSE,FALSE,FALSE,FALSE,FALSE,TRUE
767,766,1/11/18,20180111,2018,1,4,10814,21660,7680,29370,74,73.661,0,FALSE,FALSE,FALSE,TRUE,FALSE,TRUE
768,767,1/10/18,20180110,2018,1,3,8247,20520,9840,30390,76,73.662,0,FALSE,FALSE,FALSE,FALSE,FALSE,FALSE
769,768,1/9/18,20180109,2018,1,2,13542,25380,6750,32160,78,73.663,0,FALSE,FALSE,FALSE,TRUE,FALSE,TRUE
770,769,1/8/18,20180108,2018,1,1,11306,31980,4050,36030,78,73.664,0,FALSE,FALSE,FALSE,TRUE,FALSE,TRUE
771,770,1/7/18,20180107,2018,1,0,14437,39720,-720,39000,78,73.665,0,FALSE,FALSE,FALSE,TRUE,TRUE,TRUE
772,771,1/6/18,20180106,2018,1,6,12161,23160,5820,29010,77,73.666,0,FALSE,FALSE,FALSE,TRUE,FALSE,TRUE
773,772,1/5/18,20180105,2018,1,5,7848,29160,840,30030,75,73.667,0,FALSE,FALSE,FALSE,TRUE,TRUE,FALSE
774,773,1/4/18,20180104,2018,1,4,9200,21840,6300,28170,74,73.668,0,FALSE,FALSE,FALSE,TRUE,FALSE,FALSE
775,774,1/3/18,20180103,2018,1,3,6999,22560,9780,32370,76,73.669,0,FALSE,FALSE,FALSE,TRUE,FALSE,FALSE
776,775,1/2/18,20180102,2018,1,2,8943,16527,8855,25382,74,73.67,0,FALSE,TRUE,FALSE,FALSE,FALSE,FALSE
777,776,1/1/18,20180101,2018,1,1,6374,26820,10800,37620,74,73.671,0,FALSE,FALSE,FALSE,TRUE,FALSE,FALSE
778,777,12/31/17,20171231,2017,12,0,13650,32880,1290,34200,74,73.672,0,FALSE,FALSE,FALSE,TRUE,TRUE,TRUE
779,778,12/30/17,20171230,2017,12,6,15065,25800,5340,31140,72,73.673,0,FALSE,FALSE,FALSE,TRUE,FALSE,TRUE
780,779,12/29/17,20171229,2017,12,5,9485,29880,-180,29730,73,73.674,0,FALSE,FALSE,FALSE,TRUE,TRUE,FALSE
781,780,12/28/17,20171228,2017,12,4,8742,18300,10440,28770,72,73.675,0,FALSE,FALSE,FALSE,FALSE,FALSE,FALSE
782,781,12/27/17,20171227,2017,12,3,13634,17760,4320,22110,72,73.676,0,FALSE,FALSE,FALSE,FALSE,FALSE,TRUE
783,782,12/26/17,20171226,2017,12,2,10556,15158,7723,22881,72,73.677,0,FALSE,TRUE,FALSE,FALSE,FALSE,TRUE
784,783,12/25/17,20171225,2017,12,1,16373,28440,4800,33240,72,73.678,0,FALSE,FALSE,FALSE,TRUE,FALSE,TRUE
785,784,12/24/17,20171224,2017,12,0,22750,31320,5580,36930,73,73.679,0,FALSE,FALSE,FALSE,TRUE,FALSE,TRUE
786,785,12/23/17,20171223,2017,12,6,12214,32220,-3240,28980,73,73.68,0,FALSE,FALSE,FALSE,TRUE,TRUE,TRUE
787,786,12/22/17,20171222,2017,12,5,13289,11940,4200,16140,74,73.681,0,FALSE,FALSE,FALSE,FALSE,FALSE,TRUE
788,787,12/21/17,20171221,2017,12,4,12848,21440,5872,27312,76,73.682,0,FALSE,TRUE,FALSE,FALSE,FALSE,TRUE
789,788,12/20/17,20171220,2017,12,3,9252,25080,3840,28920,76,73.683,0,FALSE,FALSE,FALSE,TRUE,FALSE,FALSE
790,789,12/19/17,20171219,2017,12,2,9279,22560,9600,32160,75,73.684,0,FALSE,FALSE,FALSE,TRUE,FALSE,FALSE
791,790,12/18/17,20171218,2017,12,1,9564,28980,7350,36330,75,73.685,0,FALSE,FALSE,FALSE,TRUE,FALSE,FALSE
792,791,12/17/17,20171217,2017,12,0,1926,31140,5070,36210,74,73.686,0,FALSE,FALSE,FALSE,TRUE,FALSE,FALSE
793,792,12/16/17,20171216,2017,12,6,15671,26541,7184,33725,74,73.687,0,FALSE,TRUE,FALSE,TRUE,FALSE,TRUE
794,793,12/15/17,20171215,2017,12,5,17921,23520,7560,31110,74,73.688,0,FALSE,FALSE,FALSE,TRUE,FALSE,TRUE
795,794,12/14/17,20171214,2017,12,4,9289,26160,5370,31560,75,73.689,0,FALSE,FALSE,FALSE,TRUE,FALSE,FALSE
796,795,12/13/17,20171213,2017,12,3,12483,23700,13080,36810,75,73.69,0,FALSE,FALSE,FALSE,TRUE,FALSE,TRUE
797,796,12/12/17,20171212,2017,12,2,9970,34320,-3180,31140,77,73.691,0,FALSE,FALSE,FALSE,TRUE,TRUE,FALSE
798,797,12/11/17,20171211,2017,12,1,9858,26100,6630,32760,78,73.692,0,FALSE,FALSE,FALSE,TRUE,FALSE,FALSE
799,798,12/10/17,20171210,2017,12,0,1327,28680,3390,32070,75,73.693,0,FALSE,FALSE,FALSE,TRUE,TRUE,FALSE
800,799,12/9/17,20171209,2017,12,6,10579,28980,6059,35039,75,73.694,0,FALSE,TRUE,FALSE,TRUE,FALSE,TRUE
801,800,12/8/17,20171208,2017,12,5,10949,18427,8309,26736,74,73.695,0,FALSE,TRUE,FALSE,FALSE,FALSE,TRUE
802,801,12/7/17,20171207,2017,12,4,9939,24780,2670,27450,74,73.696,0,FALSE,FALSE,FALSE,TRUE,TRUE,FALSE
803,802,12/6/17,20171206,2017,12,3,8827,45300,-5100,40200,74,73.697,0,FALSE,FALSE,FALSE,TRUE,TRUE,FALSE
804,803,12/5/17,20171205,2017,12,2,11127,17340,13410,30750,72,73.698,0,FALSE,FALSE,FALSE,FALSE,FALSE,TRUE
805,804,12/4/17,20171204,2017,12,1,11156,27600,3390,30990,74,73.699,0,FALSE,FALSE,FALSE,TRUE,TRUE,TRUE
806,805,12/3/17,20171203,2017,12,0,18014,26580,6870,33450,76,73.7,0,FALSE,FALSE,FALSE,TRUE,FALSE,TRUE
807,806,12/2/17,20171202,2017,12,6,8532,24446,6491,30937,73,73.701,0,FALSE,TRUE,FALSE,TRUE,FALSE,FALSE
808,807,12/1/17,20171201,2017,12,5,7089,20045,9844,29889,73,73.702,0,FALSE,TRUE,FALSE,FALSE,FALSE,FALSE
809,808,11/30/17,20171130,2017,11,4,9184,17492,8223,25715,72,73.703,3,FALSE,TRUE,FALSE,FALSE,FALSE,FALSE
810,809,11/29/17,20171129,2017,11,3,9122,21240,1320,22590,69,73.704,3,FALSE,FALSE,TRUE,FALSE,TRUE,FALSE
811,810,11/28/17,20171128,2017,11,2,9235,26640,7800,34470,71,73.705,3,FALSE,FALSE,FALSE,TRUE,FALSE,FALSE
812,811,11/27/17,20171127,2017,11,1,10251,32580,570,33180,70,73.706,3,FALSE,FALSE,FALSE,TRUE,TRUE,TRUE
813,812,11/26/17,20171126,2017,11,0,16117,24180,5250,29430,71,73.707,3,FALSE,FALSE,FALSE,TRUE,FALSE,TRUE
814,813,11/25/17,20171125,2017,11,6,20127,32100,2280,34410,70,73.708,3,FALSE,FALSE,FALSE,TRUE,TRUE,TRUE
815,814,11/24/17,20171124,2017,11,5,8244,22140,14160,36330,69,73.709,3,FALSE,FALSE,FALSE,TRUE,FALSE,FALSE
816,815,11/23/17,20171123,2017,11,4,9989,28260,-840,27420,69,73.71,3,FALSE,FALSE,FALSE,TRUE,TRUE,FALSE
817,816,11/22/17,20171122,2017,11,3,9017,29520,3270,32820,71,73.711,3,FALSE,FALSE,FALSE,TRUE,TRUE,FALSE
818,817,11/21/17,20171121,2017,11,2,6814,5880,50310,56190,71,73.712,3,FALSE,FALSE,FALSE,FALSE,FALSE,FALSE
819,818,11/20/17,20171120,2017,11,1,10549,28626,7272,35898,71,73.713,3,FALSE,TRUE,FALSE,TRUE,FALSE,TRUE
820,819,11/19/17,20171119,2017,11,0,14396,22024,6397,28421,71,73.714,3,FALSE,TRUE,FALSE,TRUE,FALSE,TRUE
821,820,11/18/17,20171118,2017,11,6,13764,30318,7239,37557,70,73.715,3,TRUE,TRUE,TRUE,TRUE,FALSE,TRUE
822,821,11/17/17,20171117,2017,11,5,14592,24720,5880,30630,70,73.716,3,FALSE,FALSE,FALSE,TRUE,FALSE,TRUE
823,822,11/16/17,20171116,2017,11,4,11729,29820,2490,32340,69,73.717,3,FALSE,FALSE,FALSE,TRUE,TRUE,TRUE
824,823,11/15/17,20171115,2017,11,3,17229,32040,-660,31380,68,73.718,3,FALSE,FALSE,FALSE,TRUE,TRUE,TRUE
825,824,11/14/17,20171114,2017,11,2,10968,26880,4170,31050,71,73.719,3,FALSE,FALSE,FALSE,TRUE,FALSE,TRUE
826,825,11/13/17,20171113,2017,11,1,10118,24435,7267,31702,72,73.72,3,FALSE,TRUE,FALSE,TRUE,FALSE,TRUE
827,826,11/12/17,20171112,2017,11,0,18859,25740,5580,31350,72,73.721,3,FALSE,FALSE,FALSE,TRUE,FALSE,TRUE
828,827,11/11/17,20171111,2017,11,6,11617,21900,9480,31410,71,73.722,3,FALSE,FALSE,FALSE,TRUE,FALSE,TRUE
829,828,11/10/17,20171110,2017,11,5,10769,26280,4440,30750,70,73.723,3,FALSE,FALSE,FALSE,TRUE,FALSE,TRUE
830,829,11/9/17,20171109,2017,11,4,10688,28560,4200,32790,68,73.724,3,FALSE,FALSE,FALSE,TRUE,FALSE,TRUE
831,830,11/8/17,20171108,2017,11,3,19654,23280,6090,29400,68,73.725,3,FALSE,FALSE,FALSE,TRUE,FALSE,TRUE
832,831,11/7/17,20171107,2017,11,2,10712,19819,6416,26235,73,73.726,3,TRUE,TRUE,TRUE,FALSE,FALSE,TRUE
833,832,11/6/17,20171106,2017,11,1,11291,25980,8190,34170,74,73.727,3,FALSE,FALSE,FALSE,TRUE,FALSE,TRUE
834,833,11/5/17,20171105,2017,11,0,12351,26340,-480,29460,69,73.728,3,FALSE,FALSE,FALSE,TRUE,TRUE,TRUE
835,834,11/4/17,20171104,2017,11,6,11646,27660,4080,31770,68,73.729,3,FALSE,FALSE,FALSE,TRUE,FALSE,TRUE
836,835,11/3/17,20171103,2017,11,5,10502,24540,6960,31530,68,73.73,3,FALSE,FALSE,FALSE,TRUE,FALSE,TRUE
837,836,11/2/17,20171102,2017,11,4,11765,23520,8370,31920,68,73.731,3,FALSE,FALSE,FALSE,TRUE,FALSE,TRUE
838,837,11/1/17,20171101,2017,11,3,11868,20700,10590,31320,68,73.732,3,FALSE,FALSE,FALSE,FALSE,FALSE,TRUE
839,838,10/31/17,20171031,2017,10,2,17403,25210,9419,34629,69,73.733,3,FALSE,TRUE,FALSE,TRUE,FALSE,TRUE
840,839,10/30/17,20171030,2017,10,1,1212,22440,13020,35490,69,73.734,3,FALSE,FALSE,FALSE,TRUE,FALSE,FALSE
841,840,10/29/17,20171029,2017,10,0,15587,24840,8970,33840,69,73.735,3,FALSE,FALSE,FALSE,TRUE,FALSE,TRUE
842,841,10/28/17,20171028,2017,10,6,13439,20340,13290,33630,71,73.736,3,FALSE,FALSE,FALSE,FALSE,FALSE,TRUE
843,842,10/27/17,20171027,2017,10,5,11892,29700,11280,41010,72,73.737,3,FALSE,FALSE,FALSE,TRUE,FALSE,TRUE
844,843,10/26/17,20171026,2017,10,4,16004,21900,10680,32610,72,73.738,3,FALSE,FALSE,FALSE,TRUE,FALSE,TRUE
845,844,10/25/17,20171025,2017,10,3,13283,27480,5880,33360,73,73.739,3,FALSE,FALSE,FALSE,TRUE,FALSE,TRUE
846,845,10/24/17,20171024,2017,10,2,16538,21900,10440,32340,71,73.74,3,FALSE,FALSE,FALSE,TRUE,FALSE,TRUE
847,846,10/23/17,20171023,2017,10,1,11966,31980,2280,34290,71,73.741,3,FALSE,FALSE,FALSE,TRUE,TRUE,TRUE
848,847,10/22/17,20171022,2017,10,0,17739,27900,5280,33210,71,73.742,3,FALSE,FALSE,FALSE,TRUE,FALSE,TRUE
849,848,10/21/17,20171021,2017,10,6,12623,27540,7440,34980,70,73.743,3,FALSE,FALSE,FALSE,TRUE,FALSE,TRUE
850,849,10/20/17,20171020,2017,10,5,12977,28560,3270,31860,71,73.744,3,FALSE,FALSE,FALSE,TRUE,TRUE,TRUE
851,850,10/19/17,20171019,2017,10,4,12854,19440,13440,32910,70,73.745,3,FALSE,FALSE,FALSE,FALSE,FALSE,TRUE
852,851,10/18/17,20171018,2017,10,3,14158,28920,3330,32280,72,73.746,3,FALSE,FALSE,FALSE,TRUE,TRUE,TRUE
853,852,10/17/17,20171017,2017,10,2,9250,24300,9270,33570,73,73.747,3,FALSE,FALSE,FALSE,TRUE,FALSE,FALSE
854,853,10/16/17,20171016,2017,10,1,11524,24480,13650,38160,73,73.748,3,FALSE,FALSE,FALSE,TRUE,FALSE,TRUE
855,854,10/15/17,20171015,2017,10,0,14347,32640,7140,39780,71,73.749,3,FALSE,FALSE,FALSE,TRUE,FALSE,TRUE
856,855,10/14/17,20171014,2017,10,6,15769,23700,8040,31770,72,73.75,3,FALSE,FALSE,FALSE,TRUE,FALSE,TRUE
857,856,10/13/17,20171013,2017,10,5,16677,22200,8430,30630,69,73.751,3,FALSE,FALSE,FALSE,TRUE,FALSE,TRUE
858,857,10/12/17,20171012,2017,10,4,12464,25860,3330,29190,68,73.752,3,FALSE,FALSE,FALSE,TRUE,TRUE,TRUE
859,858,10/11/17,20171011,2017,10,3,16822,25020,6030,31050,69,73.753,3,FALSE,FALSE,FALSE,TRUE,FALSE,TRUE
860,859,10/10/17,20171010,2017,10,2,9885,23520,4320,27840,71,73.754,3,FALSE,FALSE,FALSE,TRUE,FALSE,FALSE
861,860,10/9/17,20171009,2017,10,1,14272,21300,11100,32400,72,73.755,3,FALSE,FALSE,FALSE,FALSE,FALSE,TRUE
862,861,10/8/17,20171008,2017,10,0,29403,25740,7020,32760,71,73.756,3,FALSE,FALSE,FALSE,TRUE,FALSE,TRUE
863,862,10/7/17,20171007,2017,10,6,10257,28380,9210,37590,69,73.757,3,FALSE,FALSE,FALSE,TRUE,FALSE,TRUE
864,863,10/6/17,20171006,2017,10,5,12386,22200,6840,29070,68,73.758,3,FALSE,FALSE,FALSE,TRUE,FALSE,TRUE
865,864,10/5/17,20171005,2017,10,4,21175,22620,7410,30030,67,73.759,3,FALSE,FALSE,FALSE,TRUE,FALSE,TRUE
866,865,10/4/17,20171004,2017,10,3,11766,22620,11220,33870,69,73.76,3,FALSE,FALSE,FALSE,TRUE,FALSE,TRUE
867,866,10/3/17,20171003,2017,10,2,21333,20040,11940,32010,68,73.761,3,FALSE,FALSE,FALSE,FALSE,FALSE,TRUE
868,867,10/2/17,20171002,2017,10,1,11146,22440,13890,36360,69,73.762,3,FALSE,FALSE,FALSE,TRUE,FALSE,TRUE
869,868,10/1/17,20171001,2017,10,0,16868,32100,2850,34950,69,73.763,3,FALSE,FALSE,FALSE,TRUE,TRUE,TRUE
870,869,9/30/17,20170930,2017,9,6,15808,25800,5940,31770,66,73.764,3,FALSE,FALSE,FALSE,TRUE,FALSE,TRUE
871,870,9/29/17,20170929,2017,9,5,12324,24720,7860,32610,72,73.765,3,FALSE,FALSE,TRUE,TRUE,FALSE,TRUE
872,871,9/28/17,20170928,2017,9,4,20814,24300,6930,31260,73,73.766,3,FALSE,FALSE,TRUE,TRUE,FALSE,TRUE
873,872,9/27/17,20170927,2017,9,3,15483,20196,9060,29256,73,73.767,3,FALSE,TRUE,TRUE,FALSE,FALSE,TRUE
874,873,9/26/17,20170926,2017,9,2,14720,18060,14820,32910,74,73.768,3,FALSE,FALSE,TRUE,FALSE,FALSE,TRUE
875,874,9/25/17,20170925,2017,9,1,14779,33120,6930,40050,72,73.769,3,FALSE,FALSE,TRUE,TRUE,FALSE,TRUE
876,875,9/24/17,20170924,2017,9,0,16716,13566,10210,23776,71,73.77,3,FALSE,TRUE,TRUE,FALSE,FALSE,TRUE
877,876,9/23/17,20170923,2017,9,6,21958,25980,6030,32040,73,73.771,3,FALSE,FALSE,TRUE,TRUE,FALSE,TRUE
878,877,9/22/17,20170922,2017,9,5,15817,23580,42000,65580,73,73.772,3,FALSE,FALSE,TRUE,TRUE,FALSE,TRUE
879,878,9/21/17,20170921,2017,9,4,13581,26280,12540,38850,73,73.773,3,FALSE,FALSE,TRUE,TRUE,FALSE,TRUE
880,879,9/20/17,20170920,2017,9,3,20731,22620,8880,31500,71,73.774,3,FALSE,FALSE,TRUE,TRUE,FALSE,TRUE
881,880,9/19/17,20170919,2017,9,2,16745,21120,10020,31170,75,73.775,3,FALSE,FALSE,TRUE,FALSE,FALSE,TRUE
882,881,9/18/17,20170918,2017,9,1,6045,32520,6840,39390,71,73.776,3,FALSE,FALSE,TRUE,TRUE,FALSE,FALSE
883,882,9/17/17,20170917,2017,9,0,8187,34800,6660,41490,71,73.777,3,FALSE,FALSE,TRUE,TRUE,FALSE,FALSE
884,883,9/16/17,20170916,2017,9,6,16265,25260,2640,27930,72,73.778,3,FALSE,FALSE,TRUE,TRUE,TRUE,TRUE
885,884,9/15/17,20170915,2017,9,5,13611,24660,11910,36570,73,73.779,3,FALSE,FALSE,TRUE,TRUE,FALSE,TRUE
886,885,9/14/17,20170914,2017,9,4,10096,26700,11700,38430,69,73.78,3,FALSE,FALSE,TRUE,TRUE,FALSE,TRUE
887,886,9/13/17,20170913,2017,9,3,13709,24000,7560,31590,70,73.781,3,FALSE,FALSE,TRUE,TRUE,FALSE,TRUE
888,887,9/12/17,20170912,2017,9,2,22013,17940,9390,27360,71,73.782,3,FALSE,FALSE,TRUE,FALSE,FALSE,TRUE
889,888,9/11/17,20170911,2017,9,1,6384,42360,-5940,36450,71,73.783,3,FALSE,FALSE,TRUE,TRUE,TRUE,FALSE
890,889,9/10/17,20170910,2017,9,0,3665,12962,7461,20423,73,73.784,3,FALSE,TRUE,TRUE,FALSE,FALSE,FALSE